company,pct,company,pct,company,pct,company
苏州市科技创新创业投资有限公司,18.67,北京浩辰思达科技发展有限公司
苏州市科技创新创业投资有限公司,20.54,西安浩辰软件有限公司
苏州市科技创新创业投资有限公司,20.54,苏州浩辰软件股份有限公司,90.91,北京浩辰思达科技发展有限公司
苏州市科技创新创业投资有限公司,20.54,苏州浩辰软件股份有限公司,100,西安浩辰软件有限公司
苏州市科技创新创业投资有限公司,20.54,苏州浩辰软件股份有限公司,100,北京浩辰智创科技有限公司
苏州市科技创新创业投资有限公司,14,贵州萃智新技术开发有限公司
苏州市科技创新创业投资有限公司,20,苏州萃智新技术开发有限公司,70,贵州萃智新技术开发有限公司
苏州市科技创新创业投资有限公司,20,苏州萃智新技术开发有限公司,40,苏州负碳谷材料科技有限公司
苏州市科技创新创业投资有限公司,20,苏州萃智新技术开发有限公司,40,苏州萃智知识产权服务有限公司
苏州市科技创新创业投资有限公司,10,苏州工业园区优科金融服务有限公司
苏州市科技创新创业投资有限公司,100,苏州市创客天使投资管理有限公司,15.57,苏州工业园区太浩成长二期创业投资合伙企业（有限合伙）
苏州市科技创新创业投资有限公司,100,苏州市创客天使投资管理有限公司,5.71,苏州游芒网络科技有限公司
苏州市科技创新创业投资有限公司,100,苏州市创客天使投资管理有限公司,20,苏州高创天使三号投资合伙企业（有限合伙）,16.67,苏州金安陆电子科技有限公司
苏州市科技创新创业投资有限公司,100,苏州市创客天使投资管理有限公司,20,苏州高创天使三号投资合伙企业（有限合伙）,9.09,苏州风享环保科技有限公司
苏州市科技创新创业投资有限公司,100,苏州市创客天使投资管理有限公司,20,苏州高创天使三号投资合伙企业（有限合伙）,5,苏州易学在线文化传播有限公司
苏州市科技创新创业投资有限公司,100,苏州市创客天使投资管理有限公司,20,苏州高创天使三号投资合伙企业（有限合伙）,16.67,苏州品匠机电技术有限公司
苏州市科技创新创业投资有限公司,100,苏州市创客天使投资管理有限公司,20,苏州高创天使三号投资合伙企业（有限合伙）,28.57,苏州游芒网络科技有限公司
苏州市科技创新创业投资有限公司,100,苏州市创客天使投资管理有限公司,20,苏州高创天使三号投资合伙企业（有限合伙）,20,苏州贝舒医疗科技有限公司
苏州市科技创新创业投资有限公司,100,苏州市创客天使投资管理有限公司,20,苏州高创天使三号投资合伙企业（有限合伙）,20,苏州夏特斯新材料有限公司
苏州市科技创新创业投资有限公司,100,苏州市创客天使投资管理有限公司,20,苏州高创天使三号投资合伙企业（有限合伙）,10,苏州智泉水处理技术有限公司
苏州市科技创新创业投资有限公司,100,苏州市创客天使投资管理有限公司,20,苏州高创天使三号投资合伙企业（有限合伙）,28.57,苏州普锐仕精密光学科技有限公司
苏州市科技创新创业投资有限公司,100,苏州市创客天使投资管理有限公司,20,苏州高创天使三号投资合伙企业（有限合伙）,6,苏州淼泉环保材料科技有限公司
苏州市科技创新创业投资有限公司,100,苏州市创客天使投资管理有限公司,20,苏州高创天使三号投资合伙企业（有限合伙）,20,苏州聚焓新能源科技有限公司
苏州市科技创新创业投资有限公司,100,苏州市创客天使投资管理有限公司,20,苏州高创天使三号投资合伙企业（有限合伙）,20,苏州团芯终端有限公司
苏州市科技创新创业投资有限公司,100,苏州市创客天使投资管理有限公司,20,苏州高创天使三号投资合伙企业（有限合伙）,25,苏州申慧新能源科技有限公司
苏州市科技创新创业投资有限公司,100,苏州市创客天使投资管理有限公司,20,苏州高创天使三号投资合伙企业（有限合伙）,28.57,苏州硕英信息科技有限公司
苏州市科技创新创业投资有限公司,100,苏州市创客天使投资管理有限公司,20,苏州高创天使三号投资合伙企业（有限合伙）,6.67,启明天工（苏州）信息系统有限公司
苏州市科技创新创业投资有限公司,100,苏州市创客天使投资管理有限公司,20,苏州高创天使三号投资合伙企业（有限合伙）,28.57,苏州致政大慧智能科技有限公司
苏州市科技创新创业投资有限公司,100,苏州市创客天使投资管理有限公司,20,苏州高创天使三号投资合伙企业（有限合伙）,9.09,苏州美糯爱医疗科技有限公司
苏州市科技创新创业投资有限公司,100,苏州市创客天使投资管理有限公司,20,苏州高创天使三号投资合伙企业（有限合伙）,10,安徽智泉环保新材料科技有限公司
苏州市科技创新创业投资有限公司,100,苏州市创客天使投资管理有限公司,20,苏州高创天使三号投资合伙企业（有限合伙）,29,苏州个纳科技有限公司
苏州市科技创新创业投资有限公司,100,苏州市创客天使投资管理有限公司,20,苏州高创天使三号投资合伙企业（有限合伙）,5,苏州工业园区学一学培训中心有限公司
苏州市科技创新创业投资有限公司,100,苏州市创客天使投资管理有限公司,20,苏州高创天使三号投资合伙企业（有限合伙）,10,徐州智泉环保新材料科技有限公司
苏州市科技创新创业投资有限公司,100,苏州市创客天使投资管理有限公司,20,苏州高创天使三号投资合伙企业（有限合伙）,10,智泉环保科技（苏州）有限公司
苏州市科技创新创业投资有限公司,100,苏州市创客天使投资管理有限公司,5.1,兴化市睛明眼科医院有限公司
苏州市科技创新创业投资有限公司,100,苏州市创客天使投资管理有限公司,18.62,苏州紫荆华创创业投资合伙企业（有限合伙）,7.14,苏州优谱德精密仪器科技有限公司
苏州市科技创新创业投资有限公司,100,苏州市创客天使投资管理有限公司,18.62,苏州紫荆华创创业投资合伙企业（有限合伙）,99.59,苏州安恒企业管理合伙企业（有限合伙）
苏州市科技创新创业投资有限公司,100,苏州市创客天使投资管理有限公司,5.1,天台睛明眼科专科医院有限公司
苏州市科技创新创业投资有限公司,100,苏州市创客天使投资管理有限公司,5.1,和县睛明眼科医院有限公司
苏州市科技创新创业投资有限公司,100,苏州市创客天使投资管理有限公司,5.1,三门睛明眼科医院有限公司
苏州市科技创新创业投资有限公司,100,苏州市创客天使投资管理有限公司,5.1,丰县睛明眼科医院有限责任公司
苏州市科技创新创业投资有限公司,100,苏州市创客天使投资管理有限公司,5.71,苏州普锐仕精密光学科技有限公司
苏州市科技创新创业投资有限公司,100,苏州市创客天使投资管理有限公司,15.63,苏州嘉睿万杉创业投资合伙企业（有限合伙）,20,苏州市芯和世纪科技有限公司
苏州市科技创新创业投资有限公司,100,苏州市创客天使投资管理有限公司,5.1,贵溪睛明医院有限公司
苏州市科技创新创业投资有限公司,100,苏州市创客天使投资管理有限公司,9.9,苏州境成高锦股权投资企业（有限合伙）,19,北京云玺科技有限责任公司
苏州市科技创新创业投资有限公司,100,苏州市创客天使投资管理有限公司,9.9,苏州境成高锦股权投资企业（有限合伙）,8.35,苏州天绿生物制药有限公司
苏州市科技创新创业投资有限公司,100,苏州市创客天使投资管理有限公司,9.9,苏州境成高锦股权投资企业（有限合伙）,8.35,山东天绿制药有限公司
苏州市科技创新创业投资有限公司,100,苏州市创客天使投资管理有限公司,9.9,苏州境成高锦股权投资企业（有限合伙）,10.37,图方便（上海）环保科技有限公司
苏州市科技创新创业投资有限公司,100,苏州市创客天使投资管理有限公司,9.9,苏州境成高锦股权投资企业（有限合伙）,14.81,图方便（苏州）环保科技有限公司
苏州市科技创新创业投资有限公司,100,苏州市创客天使投资管理有限公司,9.9,苏州境成高锦股权投资企业（有限合伙）,19,北京云玺技术有限公司
苏州市科技创新创业投资有限公司,100,苏州市创客天使投资管理有限公司,9.9,苏州境成高锦股权投资企业（有限合伙）,31.25,苏州课得乐教育科技有限公司
苏州市科技创新创业投资有限公司,100,苏州市创客天使投资管理有限公司,9.9,苏州境成高锦股权投资企业（有限合伙）,45,迪康倍（苏州）生物医药科技有限公司
苏州市科技创新创业投资有限公司,100,苏州市创客天使投资管理有限公司,9.9,苏州境成高锦股权投资企业（有限合伙）,45,迪康艾（苏州）生物医药科技有限公司
苏州市科技创新创业投资有限公司,100,苏州市创客天使投资管理有限公司,9.9,苏州境成高锦股权投资企业（有限合伙）,45,帝诺源（苏州）生物医药科技有限公司
苏州市科技创新创业投资有限公司,100,苏州市创客天使投资管理有限公司,9.9,苏州境成高锦股权投资企业（有限合伙）,45,奥斯威（苏州）生物医药科技有限公司
苏州市科技创新创业投资有限公司,100,苏州市创客天使投资管理有限公司,9.9,苏州境成高锦股权投资企业（有限合伙）,45,依莫斯（苏州）生物医药科技有限公司
苏州市科技创新创业投资有限公司,100,苏州市创客天使投资管理有限公司,9.9,苏州境成高锦股权投资企业（有限合伙）,14.81,上海鸡鸣生态科技有限公司
苏州市科技创新创业投资有限公司,100,苏州市创客天使投资管理有限公司,16.5,苏州工业园区原点种子创业投资企业（有限合伙）,12.5,江苏汉生成科技有限公司
苏州市科技创新创业投资有限公司,100,苏州市创客天使投资管理有限公司,16.5,苏州工业园区原点种子创业投资企业（有限合伙）,12.5,昆山汉升达传动科技有限公司
苏州市科技创新创业投资有限公司,100,苏州市创客天使投资管理有限公司,16.5,苏州工业园区原点种子创业投资企业（有限合伙）,6.03,苏州华明道康生物医药有限公司
苏州市科技创新创业投资有限公司,100,苏州市创客天使投资管理有限公司,16.5,苏州工业园区原点种子创业投资企业（有限合伙）,26.82,苏州亲为药业有限公司
苏州市科技创新创业投资有限公司,100,苏州市创客天使投资管理有限公司,16.5,苏州工业园区原点种子创业投资企业（有限合伙）,99.8,上海则橙企业管理合伙企业（有限合伙）
苏州市科技创新创业投资有限公司,100,苏州市创客天使投资管理有限公司,16.5,苏州工业园区原点种子创业投资企业（有限合伙）,12.5,苏州悍猛传动科技有限公司
苏州市科技创新创业投资有限公司,100,苏州市创客天使投资管理有限公司,16.5,苏州工业园区原点种子创业投资企业（有限合伙）,12.5,扬州运顺智能科技有限公司
苏州市科技创新创业投资有限公司,100,苏州市创客天使投资管理有限公司,20,苏州市千苏创业投资合伙企业（有限合伙）,25.52,南通衡惠华慈健康管理有限公司
苏州市科技创新创业投资有限公司,100,苏州市创客天使投资管理有限公司,20,苏州市千苏创业投资合伙企业（有限合伙）,25.52,兴化市睛明眼科医院有限公司
苏州市科技创新创业投资有限公司,100,苏州市创客天使投资管理有限公司,20,苏州市千苏创业投资合伙企业（有限合伙）,17.86,南通通州睛明眼科医院有限公司
苏州市科技创新创业投资有限公司,100,苏州市创客天使投资管理有限公司,20,苏州市千苏创业投资合伙企业（有限合伙）,25.52,南通诺一健康管理有限公司
苏州市科技创新创业投资有限公司,100,苏州市创客天使投资管理有限公司,20,苏州市千苏创业投资合伙企业（有限合伙）,19.14,溧阳睛明眼科医院有限公司
苏州市科技创新创业投资有限公司,100,苏州市创客天使投资管理有限公司,20,苏州市千苏创业投资合伙企业（有限合伙）,25.52,天台睛明眼科专科医院有限公司
苏州市科技创新创业投资有限公司,100,苏州市创客天使投资管理有限公司,20,苏州市千苏创业投资合伙企业（有限合伙）,25.52,鹰潭睛明眼科医院有限公司
苏州市科技创新创业投资有限公司,100,苏州市创客天使投资管理有限公司,20,苏州市千苏创业投资合伙企业（有限合伙）,25.52,池州睛明眼科医院有限公司
苏州市科技创新创业投资有限公司,100,苏州市创客天使投资管理有限公司,20,苏州市千苏创业投资合伙企业（有限合伙）,25.52,和县睛明眼科医院有限公司
苏州市科技创新创业投资有限公司,100,苏州市创客天使投资管理有限公司,20,苏州市千苏创业投资合伙企业（有限合伙）,25.52,临海睛明眼科医院有限公司
苏州市科技创新创业投资有限公司,100,苏州市创客天使投资管理有限公司,20,苏州市千苏创业投资合伙企业（有限合伙）,25.52,三门睛明眼科医院有限公司
苏州市科技创新创业投资有限公司,100,苏州市创客天使投资管理有限公司,20,苏州市千苏创业投资合伙企业（有限合伙）,17.23,海门睛明眼科医院有限公司
苏州市科技创新创业投资有限公司,100,苏州市创客天使投资管理有限公司,20,苏州市千苏创业投资合伙企业（有限合伙）,25.52,丰县睛明眼科医院有限责任公司
苏州市科技创新创业投资有限公司,100,苏州市创客天使投资管理有限公司,20,苏州市千苏创业投资合伙企业（有限合伙）,25.52,兴化市睛明养老院有限公司
苏州市科技创新创业投资有限公司,100,苏州市创客天使投资管理有限公司,20,苏州市千苏创业投资合伙企业（有限合伙）,25.52,贵溪睛明医院有限公司
苏州市科技创新创业投资有限公司,100,苏州市创客天使投资管理有限公司,20,苏州市千苏创业投资合伙企业（有限合伙）,17.86,玉环睛明眼科医院有限公司
苏州市科技创新创业投资有限公司,100,苏州市创客天使投资管理有限公司,20,苏州市千苏创业投资合伙企业（有限合伙）,25.52,睢宁县睛明眼科医院有限公司
苏州市科技创新创业投资有限公司,100,苏州市创客天使投资管理有限公司,20,苏州市千苏创业投资合伙企业（有限合伙）,25.52,泰州市姜堰睛明养老院有限公司
苏州市科技创新创业投资有限公司,100,苏州市创客天使投资管理有限公司,20,苏州市千苏创业投资合伙企业（有限合伙）,25.52,泰州市姜堰睛明医院有限公司
苏州市科技创新创业投资有限公司,100,苏州市创客天使投资管理有限公司,20,苏州市千苏创业投资合伙企业（有限合伙）,25.52,丹阳睛明眼科医院有限公司
苏州市科技创新创业投资有限公司,100,苏州市创客天使投资管理有限公司,20,苏州市千苏创业投资合伙企业（有限合伙）,25.52,丹阳睛明养老院有限公司
苏州市科技创新创业投资有限公司,100,苏州市创客天使投资管理有限公司,20,苏州市千苏创业投资合伙企业（有限合伙）,25.52,合浦睛明眼科医院有限公司
苏州市科技创新创业投资有限公司,100,苏州市创客天使投资管理有限公司,20,苏州市千苏创业投资合伙企业（有限合伙）,25.52,灌云睛明眼科医院有限公司
苏州市科技创新创业投资有限公司,100,苏州市创客天使投资管理有限公司,20,苏州市千苏创业投资合伙企业（有限合伙）,25.52,库尔勒睛明眼科医院有限公司
苏州市科技创新创业投资有限公司,100,苏州市创客天使投资管理有限公司,20,苏州市千苏创业投资合伙企业（有限合伙）,25.52,博乐睛明眼科医院有限公司
苏州市科技创新创业投资有限公司,100,苏州市创客天使投资管理有限公司,20,苏州市千苏创业投资合伙企业（有限合伙）,25.26,乐清睛明医院有限公司
苏州市科技创新创业投资有限公司,100,苏州市创客天使投资管理有限公司,20,苏州市千苏创业投资合伙企业（有限合伙）,25.52,儋州晴明眼科医院有限责任公司
苏州市科技创新创业投资有限公司,100,苏州市创客天使投资管理有限公司,20,苏州市千苏创业投资合伙企业（有限合伙）,25.52,平阳睛明眼科医院有限公司
苏州市科技创新创业投资有限公司,100,苏州市创客天使投资管理有限公司,20,苏州市千苏创业投资合伙企业（有限合伙）,25.52,莒县睛明眼科医院有限公司
苏州市科技创新创业投资有限公司,100,苏州市创客天使投资管理有限公司,20,苏州市千苏创业投资合伙企业（有限合伙）,25.52,新泰市睛明眼科医院有限公司
苏州市科技创新创业投资有限公司,100,苏州市创客天使投资管理有限公司,20,苏州市千苏创业投资合伙企业（有限合伙）,25.52,南通青皮树视光科技有限公司
苏州市科技创新创业投资有限公司,100,苏州市创客天使投资管理有限公司,20,苏州市千苏创业投资合伙企业（有限合伙）,32,苏州千里眼医疗科技有限公司
苏州市科技创新创业投资有限公司,100,苏州市创客天使投资管理有限公司,20,苏州市千苏创业投资合伙企业（有限合伙）,32,苏州易通捷达信息技术有限公司
苏州市科技创新创业投资有限公司,100,苏州市创客天使投资管理有限公司,20,苏州市千苏创业投资合伙企业（有限合伙）,25.52,邳州睛明眼科医院有限公司
苏州市科技创新创业投资有限公司,100,苏州市创客天使投资管理有限公司,5.1,睢宁县睛明眼科医院有限公司
苏州市科技创新创业投资有限公司,100,苏州市创客天使投资管理有限公司,5.1,泰州市姜堰睛明医院有限公司
苏州市科技创新创业投资有限公司,100,苏州市创客天使投资管理有限公司,5.1,丹阳睛明眼科医院有限公司
苏州市科技创新创业投资有限公司,100,苏州市创客天使投资管理有限公司,5.1,丹阳睛明养老院有限公司
苏州市科技创新创业投资有限公司,100,苏州市创客天使投资管理有限公司,5.1,合浦睛明眼科医院有限公司
苏州市科技创新创业投资有限公司,100,苏州市创客天使投资管理有限公司,14.34,苏州高美云景创业投资合伙企业（有限合伙）,10.94,苏州吉视电子科技有限公司
苏州市科技创新创业投资有限公司,100,苏州市创客天使投资管理有限公司,14.34,苏州高美云景创业投资合伙企业（有限合伙）,10.94,苏州巨佳电子科技有限公司
苏州市科技创新创业投资有限公司,100,苏州市创客天使投资管理有限公司,14.34,苏州高美云景创业投资合伙企业（有限合伙）,10.27,杭州语忆科技有限公司
苏州市科技创新创业投资有限公司,100,苏州市创客天使投资管理有限公司,14.34,苏州高美云景创业投资合伙企业（有限合伙）,7.6,创络（上海）数据科技有限公司
苏州市科技创新创业投资有限公司,100,苏州市创客天使投资管理有限公司,14.34,苏州高美云景创业投资合伙企业（有限合伙）,8.26,西安易协网络有限公司
苏州市科技创新创业投资有限公司,100,苏州市创客天使投资管理有限公司,14.34,苏州高美云景创业投资合伙企业（有限合伙）,11.11,广州智建云信息技术有限公司
苏州市科技创新创业投资有限公司,100,苏州市创客天使投资管理有限公司,14.34,苏州高美云景创业投资合伙企业（有限合伙）,13.79,上海远眸软件有限公司
苏州市科技创新创业投资有限公司,100,苏州市创客天使投资管理有限公司,14.34,苏州高美云景创业投资合伙企业（有限合伙）,10.65,杭州达势科技有限公司
苏州市科技创新创业投资有限公司,100,苏州市创客天使投资管理有限公司,14.34,苏州高美云景创业投资合伙企业（有限合伙）,13.33,飞驰云联（南京）科技有限公司
苏州市科技创新创业投资有限公司,100,苏州市创客天使投资管理有限公司,14.34,苏州高美云景创业投资合伙企业（有限合伙）,11.11,苏州智建云信息技术有限公司
苏州市科技创新创业投资有限公司,100,苏州市创客天使投资管理有限公司,14.34,苏州高美云景创业投资合伙企业（有限合伙）,8.26,杭州云湖科技有限公司
苏州市科技创新创业投资有限公司,100,苏州市创客天使投资管理有限公司,14.34,苏州高美云景创业投资合伙企业（有限合伙）,8.26,易协云（杭州）科技有限公司
苏州市科技创新创业投资有限公司,100,苏州市创客天使投资管理有限公司,14.34,苏州高美云景创业投资合伙企业（有限合伙）,99.98,苏州工业园区高美云景一期创业投资合伙企业（有限合伙）
苏州市科技创新创业投资有限公司,100,苏州市创客天使投资管理有限公司,14.34,苏州高美云景创业投资合伙企业（有限合伙）,13.79,苏州远眸智能科技有限公司
苏州市科技创新创业投资有限公司,100,苏州市创客天使投资管理有限公司,14.34,苏州高美云景创业投资合伙企业（有限合伙）,5.58,苏州聚祥智能科技有限公司
苏州市科技创新创业投资有限公司,100,苏州市创客天使投资管理有限公司,14.34,苏州高美云景创业投资合伙企业（有限合伙）,7.78,大连筑建云建筑科技有限公司
苏州市科技创新创业投资有限公司,100,苏州市创客天使投资管理有限公司,14.34,苏州高美云景创业投资合伙企业（有限合伙）,7.44,四川智建云信息技术有限公司
苏州市科技创新创业投资有限公司,100,苏州市创客天使投资管理有限公司,14.34,苏州高美云景创业投资合伙企业（有限合伙）,7.78,珠海筑建云信息技术有限公司
苏州市科技创新创业投资有限公司,100,苏州市创客天使投资管理有限公司,14.34,苏州高美云景创业投资合伙企业（有限合伙）,10.27,语忆科技（广州）有限公司
苏州市科技创新创业投资有限公司,100,苏州市创客天使投资管理有限公司,14.34,苏州高美云景创业投资合伙企业（有限合伙）,13.33,苏州飞驰云联科技有限公司
苏州市科技创新创业投资有限公司,100,苏州市创客天使投资管理有限公司,5.1,库尔勒睛明眼科医院有限公司
苏州市科技创新创业投资有限公司,100,苏州市创客天使投资管理有限公司,5.1,博乐睛明眼科医院有限公司
苏州市科技创新创业投资有限公司,100,苏州市创客天使投资管理有限公司,19.98,苏州清弘环创投资合伙企业（有限合伙）,5,南京霖厚环保科技有限公司
苏州市科技创新创业投资有限公司,100,苏州市创客天使投资管理有限公司,19.98,苏州清弘环创投资合伙企业（有限合伙）,9.3,行星数据科技（北京）有限公司
苏州市科技创新创业投资有限公司,100,苏州市创客天使投资管理有限公司,19.98,苏州清弘环创投资合伙企业（有限合伙）,10,南京管科智能科技有限公司
苏州市科技创新创业投资有限公司,100,苏州市创客天使投资管理有限公司,19.98,苏州清弘环创投资合伙企业（有限合伙）,10,元林（上海）新材料科技有限公司
苏州市科技创新创业投资有限公司,100,苏州市创客天使投资管理有限公司,19.98,苏州清弘环创投资合伙企业（有限合伙）,17.5,苏州沃持环保科技有限公司
苏州市科技创新创业投资有限公司,100,苏州市创客天使投资管理有限公司,19.98,苏州清弘环创投资合伙企业（有限合伙）,10,苏州允清环境能源科技有限公司
苏州市科技创新创业投资有限公司,100,苏州市创客天使投资管理有限公司,19.98,苏州清弘环创投资合伙企业（有限合伙）,9.3,行星数据科技（苏州）有限公司
苏州市科技创新创业投资有限公司,100,苏州市创客天使投资管理有限公司,19.98,苏州清弘环创投资合伙企业（有限合伙）,5,南京圭富铖交通运输有限公司
苏州市科技创新创业投资有限公司,100,苏州市创客天使投资管理有限公司,19.98,苏州清弘环创投资合伙企业（有限合伙）,8.2,氧林（苏州）环保科技有限公司
苏州市科技创新创业投资有限公司,100,苏州市创客天使投资管理有限公司,19.98,苏州清弘环创投资合伙企业（有限合伙）,5,新沂霖厚环境工程设备有限公司
苏州市科技创新创业投资有限公司,100,苏州市创客天使投资管理有限公司,19.98,苏州清弘环创投资合伙企业（有限合伙）,5,南京圭泽铖环保材料有限公司
苏州市科技创新创业投资有限公司,100,苏州市创客天使投资管理有限公司,19.98,苏州清弘环创投资合伙企业（有限合伙）,5,安徽丹铖环保科技有限公司
苏州市科技创新创业投资有限公司,100,苏州市创客天使投资管理有限公司,19.98,苏州清弘环创投资合伙企业（有限合伙）,9.3,行星碳数数据（苏州）有限公司
苏州市科技创新创业投资有限公司,100,苏州市创客天使投资管理有限公司,5.1,平阳睛明眼科医院有限公司
苏州市科技创新创业投资有限公司,100,苏州市创客天使投资管理有限公司,5.1,莒县睛明眼科医院有限公司
苏州市科技创新创业投资有限公司,100,苏州市创客天使投资管理有限公司,5.1,新泰市睛明眼科医院有限公司
苏州市科技创新创业投资有限公司,100,苏州市创客天使投资管理有限公司,5.71,苏州硕英信息科技有限公司
苏州市科技创新创业投资有限公司,100,苏州市创客天使投资管理有限公司,11.43,苏州昊君华兴创业投资合伙企业（有限合伙）,7.56,苏州瑞至杰精密机械制造有限公司
苏州市科技创新创业投资有限公司,100,苏州市创客天使投资管理有限公司,11.43,苏州昊君华兴创业投资合伙企业（有限合伙）,7.56,苏州赛普生物科技股份有限公司
苏州市科技创新创业投资有限公司,100,苏州市创客天使投资管理有限公司,11.43,苏州昊君华兴创业投资合伙企业（有限合伙）,7.56,苏州赛本德生物科技有限公司
苏州市科技创新创业投资有限公司,100,苏州市创客天使投资管理有限公司,11.43,苏州昊君华兴创业投资合伙企业（有限合伙）,7.56,苏州生科云选生物科技有限公司
苏州市科技创新创业投资有限公司,100,苏州市创客天使投资管理有限公司,11.43,苏州昊君华兴创业投资合伙企业（有限合伙）,7.56,赛普生物科技（南通）有限公司
苏州市科技创新创业投资有限公司,100,苏州市创客天使投资管理有限公司,11.43,苏州昊君华兴创业投资合伙企业（有限合伙）,7.56,苏州赛润飞医疗器械科技有限公司
苏州市科技创新创业投资有限公司,100,苏州市创客天使投资管理有限公司,11.43,苏州昊君华兴创业投资合伙企业（有限合伙）,7.56,苏州生科云聘人力资源服务有限公司
苏州市科技创新创业投资有限公司,100,苏州市创客天使投资管理有限公司,5.71,苏州致政大慧智能科技有限公司
苏州市科技创新创业投资有限公司,100,苏州市创客天使投资管理有限公司,5.1,南通青皮树视光科技有限公司
苏州市科技创新创业投资有限公司,100,苏州市创客天使投资管理有限公司,6.4,苏州千里眼医疗科技有限公司
苏州市科技创新创业投资有限公司,100,苏州市创客天使投资管理有限公司,5.8,苏州个纳科技有限公司
苏州市科技创新创业投资有限公司,100,苏州市创客天使投资管理有限公司,6.4,苏州易通捷达信息技术有限公司
苏州市科技创新创业投资有限公司,100,苏州市创客天使投资管理有限公司,5.1,邳州睛明眼科医院有限公司
苏州市科技创新创业投资有限公司,100,苏州市创客天使投资管理有限公司,18,苏州协耀科新创业投资合伙企业（有限合伙）,6.9,苏州星洲生物科技有限公司
苏州市科技创新创业投资有限公司,100,苏州市创客天使投资管理有限公司,18,苏州协耀科新创业投资合伙企业（有限合伙）,28.16,苏州融耀企业管理合伙企业（有限合伙）
苏州市科技创新创业投资有限公司,100,苏州市创客天使投资管理有限公司,18,苏州协耀科新创业投资合伙企业（有限合伙）,10,苏州锐迪欧医药科技有限公司
苏州市科技创新创业投资有限公司,100,苏州市创客天使投资管理有限公司,20,苏州工业园区致道慧湖创业投资合伙企业（有限合伙）,16.65,北京翎辉企业管理合伙企业（有限合伙）
苏州市科技创新创业投资有限公司,100,苏州市创客天使投资管理有限公司,13.33,江苏疌泉敦行创业投资合伙企业（有限合伙）,6,昆山英泰科光学仪器有限公司
苏州市科技创新创业投资有限公司,100,苏州市创客天使投资管理有限公司,13.33,江苏疌泉敦行创业投资合伙企业（有限合伙）,6,昆山市星光宝智能设备有限公司
苏州市科技创新创业投资有限公司,100,苏州市创客天使投资管理有限公司,13.33,江苏疌泉敦行创业投资合伙企业（有限合伙）,6,江苏才道精密仪器有限公司
苏州市科技创新创业投资有限公司,100,苏州市创客天使投资管理有限公司,13.33,江苏疌泉敦行创业投资合伙企业（有限合伙）,8.33,合烯新材料（常州）有限公司
苏州市科技创新创业投资有限公司,100,苏州市创客天使投资管理有限公司,13.33,江苏疌泉敦行创业投资合伙企业（有限合伙）,8.33,合烯电子科技（江苏）有限公司
苏州市科技创新创业投资有限公司,100,苏州市创客天使投资管理有限公司,13.33,江苏疌泉敦行创业投资合伙企业（有限合伙）,5.26,苏州邦器生物技术有限公司
苏州市科技创新创业投资有限公司,100,苏州市创客天使投资管理有限公司,13.33,江苏疌泉敦行创业投资合伙企业（有限合伙）,5.26,苏州邦新生物技术有限公司
苏州市科技创新创业投资有限公司,100,苏州市创客天使投资管理有限公司,16.81,苏州清策创业投资合伙企业（有限合伙）,13.79,合肥国肽生物科技有限公司
苏州市科技创新创业投资有限公司,100,苏州市创客天使投资管理有限公司,16.81,苏州清策创业投资合伙企业（有限合伙）,7.95,修家佳（江苏）科技有限公司
苏州市科技创新创业投资有限公司,100,苏州市创客天使投资管理有限公司,16.81,苏州清策创业投资合伙企业（有限合伙）,49.51,苏州高策极易创业投资合伙企业（有限合伙）
苏州市科技创新创业投资有限公司,100,苏州市创客天使投资管理有限公司,16.81,苏州清策创业投资合伙企业（有限合伙）,13.79,苏州默迪夫生物科技有限公司
苏州市科技创新创业投资有限公司,100,苏州市创客天使投资管理有限公司,16.47,上海则橙企业管理合伙企业（有限合伙）
苏州市科技创新创业投资有限公司,100,苏州市创客天使投资管理有限公司,18.32,苏州国仟医械二期创业投资企业（有限合伙）,13.39,北京极客基因科技有限公司
苏州市科技创新创业投资有限公司,100,苏州市创客天使投资管理有限公司,18.32,苏州国仟医械二期创业投资企业（有限合伙）,13.39,无锡极因科技有限公司
苏州市科技创新创业投资有限公司,100,苏州市创客天使投资管理有限公司,18.32,苏州国仟医械二期创业投资企业（有限合伙）,15.92,上海朴衡科技有限公司
苏州市科技创新创业投资有限公司,100,苏州市创客天使投资管理有限公司,18.32,苏州国仟医械二期创业投资企业（有限合伙）,13.39,苏州极客基因科技有限公司
苏州市科技创新创业投资有限公司,100,苏州市创客天使投资管理有限公司,18.32,苏州国仟医械二期创业投资企业（有限合伙）,15.92,苏州朴衡科技有限公司
苏州市科技创新创业投资有限公司,100,苏州市创客天使投资管理有限公司,14.02,苏州岚湖卓璞创业投资合伙企业（有限合伙）,8.64,武汉糖智药业有限公司
苏州市科技创新创业投资有限公司,100,苏州市创客天使投资管理有限公司,14.02,苏州岚湖卓璞创业投资合伙企业（有限合伙）,8.64,青岛糖智医药科技有限公司
苏州市科技创新创业投资有限公司,100,苏州市创客天使投资管理有限公司,14.02,苏州岚湖卓璞创业投资合伙企业（有限合伙）,8.64,深圳鹏成生物医药有限公司
苏州市科技创新创业投资有限公司,100,苏州市创客天使投资管理有限公司,14.02,苏州岚湖卓璞创业投资合伙企业（有限合伙）,99.86,苏州岚湖胜赢企业管理合伙企业（有限合伙）
苏州市科技创新创业投资有限公司,100,苏州市创客天使投资管理有限公司,14.02,苏州岚湖卓璞创业投资合伙企业（有限合伙）,8.64,开平苷智药业有限公司
苏州市科技创新创业投资有限公司,100,苏州市创客天使投资管理有限公司,14.02,苏州岚湖卓璞创业投资合伙企业（有限合伙）,8.64,深圳鹏泊生物科技有限公司
苏州市科技创新创业投资有限公司,100,苏州市创客天使投资管理有限公司,14.02,苏州岚湖卓璞创业投资合伙企业（有限合伙）,8.64,武汉苷智药业科技有限公司
苏州市科技创新创业投资有限公司,100,苏州市创客天使投资管理有限公司,14.02,苏州岚湖卓璞创业投资合伙企业（有限合伙）,8.64,武汉博智药业科技有限公司
苏州市科技创新创业投资有限公司,100,苏州市创客天使投资管理有限公司,5.56,苏州市姑苏人才二期创业投资企业（有限合伙）
苏州市科技创新创业投资有限公司,100,苏州市创客天使投资管理有限公司,8.32,苏州高策极易创业投资合伙企业（有限合伙）
苏州市科技创新创业投资有限公司,100,苏州市创客天使投资管理有限公司,18.54,苏州安恒企业管理合伙企业（有限合伙）
苏州市科技创新创业投资有限公司,100,苏州市创客天使投资管理有限公司,8.33,苏州工业园区元生园丰天使投资企业（有限合伙）,8.4,苏州安益谱精密仪器有限公司
苏州市科技创新创业投资有限公司,100,苏州市创客天使投资管理有限公司,8.33,苏州工业园区元生园丰天使投资企业（有限合伙）,19.69,苏州诺普再生医学有限公司
苏州市科技创新创业投资有限公司,100,苏州市创客天使投资管理有限公司,8.33,苏州工业园区元生园丰天使投资企业（有限合伙）,9,四川伊正医疗科技有限公司
苏州市科技创新创业投资有限公司,100,苏州市创客天使投资管理有限公司,8.33,苏州工业园区元生园丰天使投资企业（有限合伙）,5.26,上海惠凯医疗科技有限公司
苏州市科技创新创业投资有限公司,100,苏州市创客天使投资管理有限公司,8.33,苏州工业园区元生园丰天使投资企业（有限合伙）,8.7,苏州普乐康医药科技有限公司
苏州市科技创新创业投资有限公司,100,苏州市创客天使投资管理有限公司,8.33,苏州工业园区元生园丰天使投资企业（有限合伙）,9.68,立凌生物制药（苏州）有限公司
苏州市科技创新创业投资有限公司,100,苏州市创客天使投资管理有限公司,8.33,苏州工业园区元生园丰天使投资企业（有限合伙）,8.4,安益谱（苏州）医疗科技有限公司
苏州市科技创新创业投资有限公司,100,苏州市创客天使投资管理有限公司,8.33,苏州工业园区元生园丰天使投资企业（有限合伙）,5,苏州唯思尔康科技有限公司
苏州市科技创新创业投资有限公司,100,苏州市创客天使投资管理有限公司,8.33,苏州工业园区元生园丰天使投资企业（有限合伙）,5.26,惠凯医疗科技（苏州）有限公司
苏州市科技创新创业投资有限公司,100,苏州市创客天使投资管理有限公司,8.33,苏州工业园区元生园丰天使投资企业（有限合伙）,17.65,伊正（苏州）生物科技有限公司
苏州市科技创新创业投资有限公司,100,苏州市创客天使投资管理有限公司,8.33,苏州工业园区元生园丰天使投资企业（有限合伙）,17.65,成都伊臻生物科技有限公司
苏州市科技创新创业投资有限公司,100,苏州市创客天使投资管理有限公司,14.34,苏州工业园区高美云景一期创业投资合伙企业（有限合伙）
苏州市科技创新创业投资有限公司,100,苏州市创客天使投资管理有限公司,15,苏州中科中鑫创业投资合伙企业（有限合伙）,5,苏州胡杨林智源投资中心（有限合伙）
苏州市科技创新创业投资有限公司,100,苏州市创客天使投资管理有限公司,15,苏州中科中鑫创业投资合伙企业（有限合伙）,9.37,苏州中鑫恒富创业投资合伙企业（有限合伙）
苏州市科技创新创业投资有限公司,100,苏州市创客天使投资管理有限公司,25,苏州医工所生物医药创业投资合伙企业（有限合伙）,9.42,北京东方华辉生物医药科技有限公司
苏州市科技创新创业投资有限公司,100,苏州市创客天使投资管理有限公司,25,苏州医工所生物医药创业投资合伙企业（有限合伙）,9.42,苏州四正柏生物科技有限公司
苏州市科技创新创业投资有限公司,100,苏州市创客天使投资管理有限公司,25,苏州医工所生物医药创业投资合伙企业（有限合伙）,17.86,屹东光学技术（苏州）有限公司
苏州市科技创新创业投资有限公司,100,苏州市创客天使投资管理有限公司,14,苏州岚湖胜赢企业管理合伙企业（有限合伙）
苏州市科技创新创业投资有限公司,100,苏州工业园区苏新电器开发经营中心,40,苏州通汇电器开关有限公司
苏州市科技创新创业投资有限公司,32.51,苏州中科集成电路设计中心有限公司
苏州市科技创新创业投资有限公司,100,苏州自主创新广场发展有限公司,5,苏州蓝创科技产业园管理有限公司
苏州市科技创新创业投资有限公司,100,苏州自主创新广场发展有限公司,40,苏州科创风云信息技术有限公司
苏州市科技创新创业投资有限公司,17.86,江苏苏州大学科技创业园有限公司
苏州市科技创新创业投资有限公司,20,苏州科大科技园有限责任公司,100,苏州科大技术转移有限公司
苏州市科技创新创业投资有限公司,20,苏州苏大万佳技术有限公司
苏州市科技创新创业投资有限公司,35,苏州苏大平江科技园投资管理有限公司
苏州市科技创新创业投资有限公司,20,苏州科大技术转移有限公司
苏州市科技创新创业投资有限公司,22.22,苏州市金阊区科技创业园有限公司
苏州市科技创新创业投资有限公司,40,苏州科创风云信息技术有限公司
苏州市科技创新创业投资有限公司,15.57,苏州工业园区太浩成长二期创业投资合伙企业（有限合伙）
苏州市科技创新创业投资有限公司,40,苏州通汇电器开关有限公司
苏州市科技创新创业投资有限公司,20.54,北京浩辰智创科技有限公司
苏州市科技创新创业投资有限公司,10,江苏国际知识产权运营交易中心有限公司,100,苏州智谷资本投资有限公司
苏州市科技创新创业投资有限公司,20,苏州高创天使三号投资合伙企业（有限合伙）,16.67,苏州金安陆电子科技有限公司
苏州市科技创新创业投资有限公司,20,苏州高创天使三号投资合伙企业（有限合伙）,9.09,苏州风享环保科技有限公司
苏州市科技创新创业投资有限公司,20,苏州高创天使三号投资合伙企业（有限合伙）,5,苏州易学在线文化传播有限公司,44,苏州清睿智学创业孵化管理有限公司
苏州市科技创新创业投资有限公司,20,苏州高创天使三号投资合伙企业（有限合伙）,5,苏州易学在线文化传播有限公司,100,苏州工业园区学一学培训中心有限公司
苏州市科技创新创业投资有限公司,20,苏州高创天使三号投资合伙企业（有限合伙）,16.67,苏州品匠机电技术有限公司
苏州市科技创新创业投资有限公司,20,苏州高创天使三号投资合伙企业（有限合伙）,28.57,苏州游芒网络科技有限公司
苏州市科技创新创业投资有限公司,20,苏州高创天使三号投资合伙企业（有限合伙）,20,苏州贝舒医疗科技有限公司
苏州市科技创新创业投资有限公司,20,苏州高创天使三号投资合伙企业（有限合伙）,20,苏州夏特斯新材料有限公司
苏州市科技创新创业投资有限公司,20,苏州高创天使三号投资合伙企业（有限合伙）,10,苏州智泉水处理技术有限公司,60,苏州淼泉环保材料科技有限公司
苏州市科技创新创业投资有限公司,20,苏州高创天使三号投资合伙企业（有限合伙）,10,苏州智泉水处理技术有限公司,100,安徽智泉环保新材料科技有限公司
苏州市科技创新创业投资有限公司,20,苏州高创天使三号投资合伙企业（有限合伙）,10,苏州智泉水处理技术有限公司,100,徐州智泉环保新材料科技有限公司
苏州市科技创新创业投资有限公司,20,苏州高创天使三号投资合伙企业（有限合伙）,10,苏州智泉水处理技术有限公司,100,智泉环保科技（苏州）有限公司
苏州市科技创新创业投资有限公司,20,苏州高创天使三号投资合伙企业（有限合伙）,28.57,苏州普锐仕精密光学科技有限公司
苏州市科技创新创业投资有限公司,20,苏州高创天使三号投资合伙企业（有限合伙）,6,苏州淼泉环保材料科技有限公司
苏州市科技创新创业投资有限公司,20,苏州高创天使三号投资合伙企业（有限合伙）,20,苏州聚焓新能源科技有限公司
苏州市科技创新创业投资有限公司,20,苏州高创天使三号投资合伙企业（有限合伙）,20,苏州团芯终端有限公司
苏州市科技创新创业投资有限公司,20,苏州高创天使三号投资合伙企业（有限合伙）,25,苏州申慧新能源科技有限公司
苏州市科技创新创业投资有限公司,20,苏州高创天使三号投资合伙企业（有限合伙）,28.57,苏州硕英信息科技有限公司
苏州市科技创新创业投资有限公司,20,苏州高创天使三号投资合伙企业（有限合伙）,6.67,启明天工（苏州）信息系统有限公司
苏州市科技创新创业投资有限公司,20,苏州高创天使三号投资合伙企业（有限合伙）,28.57,苏州致政大慧智能科技有限公司
苏州市科技创新创业投资有限公司,20,苏州高创天使三号投资合伙企业（有限合伙）,9.09,苏州美糯爱医疗科技有限公司
苏州市科技创新创业投资有限公司,20,苏州高创天使三号投资合伙企业（有限合伙）,10,安徽智泉环保新材料科技有限公司
苏州市科技创新创业投资有限公司,20,苏州高创天使三号投资合伙企业（有限合伙）,29,苏州个纳科技有限公司
苏州市科技创新创业投资有限公司,20,苏州高创天使三号投资合伙企业（有限合伙）,5,苏州工业园区学一学培训中心有限公司
苏州市科技创新创业投资有限公司,20,苏州高创天使三号投资合伙企业（有限合伙）,10,徐州智泉环保新材料科技有限公司
苏州市科技创新创业投资有限公司,20,苏州高创天使三号投资合伙企业（有限合伙）,10,智泉环保科技（苏州）有限公司
苏州市科技创新创业投资有限公司,18.62,苏州紫荆华创创业投资合伙企业（有限合伙）,7.14,苏州优谱德精密仪器科技有限公司,40,浙江优谱德光电科技有限公司
苏州市科技创新创业投资有限公司,18.62,苏州紫荆华创创业投资合伙企业（有限合伙）,99.59,苏州安恒企业管理合伙企业（有限合伙）
苏州市科技创新创业投资有限公司,40,江苏中科院育成科技服务中心有限公司,10,苏州中科岛里企业管理有限公司
苏州市科技创新创业投资有限公司,40,江苏中科院育成科技服务中心有限公司,30,苏州中科清宇工程管理有限公司
苏州市科技创新创业投资有限公司,40,江苏中科院育成科技服务中心有限公司,9,苏州中科鸣石科技服务有限公司,10,中科天御（苏州）科技有限公司
苏州市科技创新创业投资有限公司,40,江苏中科院育成科技服务中心有限公司,9,苏州中科鸣石科技服务有限公司,30,中科鸣石（南京）科技服务有限公司
苏州市科技创新创业投资有限公司,40,江苏中科院育成科技服务中心有限公司,9,苏州中科鸣石科技服务有限公司,5,江苏中科鸣石科技咨询有限公司
苏州市科技创新创业投资有限公司,40,江苏中科院育成科技服务中心有限公司,10,苏州中科百奥科技发展有限公司,10,沈阳中科碧奥能源科技有限公司
苏州市科技创新创业投资有限公司,40,江苏中科院育成科技服务中心有限公司,10,苏州中科百奥科技发展有限公司,70,中科糠醛（辽宁）技术服务中心有限公司
苏州市科技创新创业投资有限公司,40,江苏中科院育成科技服务中心有限公司,10,苏州市中科创谷新材料科技有限公司
苏州市科技创新创业投资有限公司,40,江苏中科院育成科技服务中心有限公司,15,苏州中科相澄科技服务有限公司,5,南京云极小超互联网科技有限公司
苏州市科技创新创业投资有限公司,40,江苏中科院育成科技服务中心有限公司,15,苏州中科相澄科技服务有限公司,5,中科赛思联科（苏州）网络科技有限公司
苏州市科技创新创业投资有限公司,40,江苏中科院育成科技服务中心有限公司,15,苏州中科相澄科技服务有限公司,5,苏州中科索维光电科技有限公司
苏州市科技创新创业投资有限公司,40,江苏中科院育成科技服务中心有限公司,15,苏州中科相澄科技服务有限公司,5,苏州中科博雅芳香科技有限公司
苏州市科技创新创业投资有限公司,40,江苏中科院育成科技服务中心有限公司,15,苏州中科相澄科技服务有限公司,5,北京赛思联科技术有限公司
苏州市科技创新创业投资有限公司,40,江苏中科院育成科技服务中心有限公司,15,苏州中科相澄科技服务有限公司,100,苏州中科众澄科技服务有限公司
苏州市科技创新创业投资有限公司,40,江苏中科院育成科技服务中心有限公司,15,苏州中科相澄科技服务有限公司,5,中科莫因智能科技（江苏）有限公司
苏州市科技创新创业投资有限公司,40,江苏中科院育成科技服务中心有限公司,15,苏州中科相澄科技服务有限公司,5,国科赛思（滨州）信息技术有限公司
苏州市科技创新创业投资有限公司,40,江苏中科院育成科技服务中心有限公司,15,苏州中科相澄科技服务有限公司,70,苏州中科磁智科技有限公司
苏州市科技创新创业投资有限公司,40,江苏中科院育成科技服务中心有限公司,15,苏州中科相澄科技服务有限公司,10,中科育成科技服务（盐城）有限公司
苏州市科技创新创业投资有限公司,40,江苏中科院育成科技服务中心有限公司,15,苏州中科相澄科技服务有限公司,5,中科荣华金丰数字科技（苏州）有限公司
苏州市科技创新创业投资有限公司,40,江苏中科院育成科技服务中心有限公司,15,苏州中科相澄科技服务有限公司,5,苏州赛思英诺科技服务有限公司
苏州市科技创新创业投资有限公司,40,江苏中科院育成科技服务中心有限公司,15,苏州中科相澄科技服务有限公司,5,中科绿通人才教育咨询（苏州）有限公司
苏州市科技创新创业投资有限公司,40,江苏中科院育成科技服务中心有限公司,15,苏州中科相澄科技服务有限公司,6,盐城亮创科技有限公司
苏州市科技创新创业投资有限公司,40,江苏中科院育成科技服务中心有限公司,15,苏州中科相澄科技服务有限公司,10,海南赛思云岭科技有限责任公司
苏州市科技创新创业投资有限公司,40,江苏中科院育成科技服务中心有限公司,15,苏州中科相澄科技服务有限公司,10,华炫众泰（山东）商贸有限公司
苏州市科技创新创业投资有限公司,40,江苏中科院育成科技服务中心有限公司,7,中科糠醛（辽宁）技术服务中心有限公司
苏州市科技创新创业投资有限公司,40,江苏中科院育成科技服务中心有限公司,15,苏州中科众澄科技服务有限公司
苏州市科技创新创业投资有限公司,40,江苏中科院育成科技服务中心有限公司,15,中科爱奇（深圳）科技服务有限公司
苏州市科技创新创业投资有限公司,40,江苏中科院育成科技服务中心有限公司,10.5,苏州中科磁智科技有限公司
苏州市科技创新创业投资有限公司,40,江苏中科院育成科技服务中心有限公司,51,苏州吴江科泰育成科技发展有限公司
苏州市科技创新创业投资有限公司,15.63,苏州嘉睿万杉创业投资合伙企业（有限合伙）,20,苏州市芯和世纪科技有限公司
苏州市科技创新创业投资有限公司,9.9,苏州境成高锦股权投资企业（有限合伙）,19,北京云玺科技有限责任公司,11.11,吉林省云玺科技有限公司
苏州市科技创新创业投资有限公司,9.9,苏州境成高锦股权投资企业（有限合伙）,8.35,苏州天绿生物制药有限公司,100,山东天绿制药有限公司
苏州市科技创新创业投资有限公司,9.9,苏州境成高锦股权投资企业（有限合伙）,8.35,山东天绿制药有限公司
苏州市科技创新创业投资有限公司,9.9,苏州境成高锦股权投资企业（有限合伙）,10.37,图方便（上海）环保科技有限公司
苏州市科技创新创业投资有限公司,9.9,苏州境成高锦股权投资企业（有限合伙）,14.81,图方便（苏州）环保科技有限公司,70,图方便（上海）环保科技有限公司
苏州市科技创新创业投资有限公司,9.9,苏州境成高锦股权投资企业（有限合伙）,14.81,图方便（苏州）环保科技有限公司,100,上海鸡鸣生态科技有限公司
苏州市科技创新创业投资有限公司,9.9,苏州境成高锦股权投资企业（有限合伙）,19,北京云玺技术有限公司,100,北京云玺科技有限责任公司
苏州市科技创新创业投资有限公司,9.9,苏州境成高锦股权投资企业（有限合伙）,19,北京云玺技术有限公司,11.11,吉林省云玺科技有限公司
苏州市科技创新创业投资有限公司,9.9,苏州境成高锦股权投资企业（有限合伙）,31.25,苏州课得乐教育科技有限公司
苏州市科技创新创业投资有限公司,9.9,苏州境成高锦股权投资企业（有限合伙）,45,迪康倍（苏州）生物医药科技有限公司
苏州市科技创新创业投资有限公司,9.9,苏州境成高锦股权投资企业（有限合伙）,45,迪康艾（苏州）生物医药科技有限公司
苏州市科技创新创业投资有限公司,9.9,苏州境成高锦股权投资企业（有限合伙）,45,帝诺源（苏州）生物医药科技有限公司
苏州市科技创新创业投资有限公司,9.9,苏州境成高锦股权投资企业（有限合伙）,45,奥斯威（苏州）生物医药科技有限公司
苏州市科技创新创业投资有限公司,9.9,苏州境成高锦股权投资企业（有限合伙）,45,依莫斯（苏州）生物医药科技有限公司
苏州市科技创新创业投资有限公司,9.9,苏州境成高锦股权投资企业（有限合伙）,14.81,上海鸡鸣生态科技有限公司
苏州市科技创新创业投资有限公司,10,苏州智谷资本投资有限公司
苏州市科技创新创业投资有限公司,16.5,苏州工业园区原点种子创业投资企业（有限合伙）,12.5,江苏汉生成科技有限公司
苏州市科技创新创业投资有限公司,16.5,苏州工业园区原点种子创业投资企业（有限合伙）,12.5,昆山汉升达传动科技有限公司,34,昆山汉普登智能科技有限公司
苏州市科技创新创业投资有限公司,16.5,苏州工业园区原点种子创业投资企业（有限合伙）,6.03,苏州华明道康生物医药有限公司
苏州市科技创新创业投资有限公司,16.5,苏州工业园区原点种子创业投资企业（有限合伙）,26.82,苏州亲为药业有限公司
苏州市科技创新创业投资有限公司,16.5,苏州工业园区原点种子创业投资企业（有限合伙）,99.8,上海则橙企业管理合伙企业（有限合伙）
苏州市科技创新创业投资有限公司,16.5,苏州工业园区原点种子创业投资企业（有限合伙）,12.5,苏州悍猛传动科技有限公司,100,江苏汉生成科技有限公司
苏州市科技创新创业投资有限公司,16.5,苏州工业园区原点种子创业投资企业（有限合伙）,12.5,苏州悍猛传动科技有限公司,100,昆山汉升达传动科技有限公司
苏州市科技创新创业投资有限公司,16.5,苏州工业园区原点种子创业投资企业（有限合伙）,12.5,苏州悍猛传动科技有限公司,34,昆山汉普登智能科技有限公司
苏州市科技创新创业投资有限公司,16.5,苏州工业园区原点种子创业投资企业（有限合伙）,12.5,苏州悍猛传动科技有限公司,100,扬州运顺智能科技有限公司
苏州市科技创新创业投资有限公司,16.5,苏州工业园区原点种子创业投资企业（有限合伙）,12.5,扬州运顺智能科技有限公司
苏州市科技创新创业投资有限公司,20,苏州市千苏创业投资合伙企业（有限合伙）,25.52,南通衡惠华慈健康管理有限公司,100,兴化市睛明眼科医院有限公司
苏州市科技创新创业投资有限公司,20,苏州市千苏创业投资合伙企业（有限合伙）,25.52,南通衡惠华慈健康管理有限公司,70,南通通州睛明眼科医院有限公司
苏州市科技创新创业投资有限公司,20,苏州市千苏创业投资合伙企业（有限合伙）,25.52,南通衡惠华慈健康管理有限公司,100,南通诺一健康管理有限公司
苏州市科技创新创业投资有限公司,20,苏州市千苏创业投资合伙企业（有限合伙）,25.52,南通衡惠华慈健康管理有限公司,75,溧阳睛明眼科医院有限公司
苏州市科技创新创业投资有限公司,20,苏州市千苏创业投资合伙企业（有限合伙）,25.52,南通衡惠华慈健康管理有限公司,100,天台睛明眼科专科医院有限公司
苏州市科技创新创业投资有限公司,20,苏州市千苏创业投资合伙企业（有限合伙）,25.52,南通衡惠华慈健康管理有限公司,100,鹰潭睛明眼科医院有限公司
苏州市科技创新创业投资有限公司,20,苏州市千苏创业投资合伙企业（有限合伙）,25.52,南通衡惠华慈健康管理有限公司,100,池州睛明眼科医院有限公司
苏州市科技创新创业投资有限公司,20,苏州市千苏创业投资合伙企业（有限合伙）,25.52,南通衡惠华慈健康管理有限公司,100,和县睛明眼科医院有限公司
苏州市科技创新创业投资有限公司,20,苏州市千苏创业投资合伙企业（有限合伙）,25.52,南通衡惠华慈健康管理有限公司,100,临海睛明眼科医院有限公司
苏州市科技创新创业投资有限公司,20,苏州市千苏创业投资合伙企业（有限合伙）,25.52,南通衡惠华慈健康管理有限公司,100,三门睛明眼科医院有限公司
苏州市科技创新创业投资有限公司,20,苏州市千苏创业投资合伙企业（有限合伙）,25.52,南通衡惠华慈健康管理有限公司,67.5,海门睛明眼科医院有限公司
苏州市科技创新创业投资有限公司,20,苏州市千苏创业投资合伙企业（有限合伙）,25.52,南通衡惠华慈健康管理有限公司,100,丰县睛明眼科医院有限责任公司
苏州市科技创新创业投资有限公司,20,苏州市千苏创业投资合伙企业（有限合伙）,25.52,南通衡惠华慈健康管理有限公司,100,兴化市睛明养老院有限公司
苏州市科技创新创业投资有限公司,20,苏州市千苏创业投资合伙企业（有限合伙）,25.52,南通衡惠华慈健康管理有限公司,100,贵溪睛明医院有限公司
苏州市科技创新创业投资有限公司,20,苏州市千苏创业投资合伙企业（有限合伙）,25.52,南通衡惠华慈健康管理有限公司,70,玉环睛明眼科医院有限公司
苏州市科技创新创业投资有限公司,20,苏州市千苏创业投资合伙企业（有限合伙）,25.52,南通衡惠华慈健康管理有限公司,100,睢宁县睛明眼科医院有限公司
苏州市科技创新创业投资有限公司,20,苏州市千苏创业投资合伙企业（有限合伙）,25.52,南通衡惠华慈健康管理有限公司,100,泰州市姜堰睛明养老院有限公司
苏州市科技创新创业投资有限公司,20,苏州市千苏创业投资合伙企业（有限合伙）,25.52,南通衡惠华慈健康管理有限公司,100,泰州市姜堰睛明医院有限公司
苏州市科技创新创业投资有限公司,20,苏州市千苏创业投资合伙企业（有限合伙）,25.52,南通衡惠华慈健康管理有限公司,100,丹阳睛明眼科医院有限公司
苏州市科技创新创业投资有限公司,20,苏州市千苏创业投资合伙企业（有限合伙）,25.52,南通衡惠华慈健康管理有限公司,100,丹阳睛明养老院有限公司
苏州市科技创新创业投资有限公司,20,苏州市千苏创业投资合伙企业（有限合伙）,25.52,南通衡惠华慈健康管理有限公司,100,合浦睛明眼科医院有限公司
苏州市科技创新创业投资有限公司,20,苏州市千苏创业投资合伙企业（有限合伙）,25.52,南通衡惠华慈健康管理有限公司,100,灌云睛明眼科医院有限公司
苏州市科技创新创业投资有限公司,20,苏州市千苏创业投资合伙企业（有限合伙）,25.52,南通衡惠华慈健康管理有限公司,100,库尔勒睛明眼科医院有限公司
苏州市科技创新创业投资有限公司,20,苏州市千苏创业投资合伙企业（有限合伙）,25.52,南通衡惠华慈健康管理有限公司,100,博乐睛明眼科医院有限公司
苏州市科技创新创业投资有限公司,20,苏州市千苏创业投资合伙企业（有限合伙）,25.52,南通衡惠华慈健康管理有限公司,99,乐清睛明医院有限公司
苏州市科技创新创业投资有限公司,20,苏州市千苏创业投资合伙企业（有限合伙）,25.52,南通衡惠华慈健康管理有限公司,100,儋州晴明眼科医院有限责任公司
苏州市科技创新创业投资有限公司,20,苏州市千苏创业投资合伙企业（有限合伙）,25.52,南通衡惠华慈健康管理有限公司,100,平阳睛明眼科医院有限公司
苏州市科技创新创业投资有限公司,20,苏州市千苏创业投资合伙企业（有限合伙）,25.52,南通衡惠华慈健康管理有限公司,100,莒县睛明眼科医院有限公司
苏州市科技创新创业投资有限公司,20,苏州市千苏创业投资合伙企业（有限合伙）,25.52,南通衡惠华慈健康管理有限公司,100,新泰市睛明眼科医院有限公司
苏州市科技创新创业投资有限公司,20,苏州市千苏创业投资合伙企业（有限合伙）,25.52,南通衡惠华慈健康管理有限公司,100,南通青皮树视光科技有限公司
苏州市科技创新创业投资有限公司,20,苏州市千苏创业投资合伙企业（有限合伙）,25.52,南通衡惠华慈健康管理有限公司,100,邳州睛明眼科医院有限公司
苏州市科技创新创业投资有限公司,20,苏州市千苏创业投资合伙企业（有限合伙）,25.52,兴化市睛明眼科医院有限公司
苏州市科技创新创业投资有限公司,20,苏州市千苏创业投资合伙企业（有限合伙）,17.86,南通通州睛明眼科医院有限公司
苏州市科技创新创业投资有限公司,20,苏州市千苏创业投资合伙企业（有限合伙）,25.52,南通诺一健康管理有限公司
苏州市科技创新创业投资有限公司,20,苏州市千苏创业投资合伙企业（有限合伙）,19.14,溧阳睛明眼科医院有限公司
苏州市科技创新创业投资有限公司,20,苏州市千苏创业投资合伙企业（有限合伙）,25.52,天台睛明眼科专科医院有限公司
苏州市科技创新创业投资有限公司,20,苏州市千苏创业投资合伙企业（有限合伙）,25.52,鹰潭睛明眼科医院有限公司
苏州市科技创新创业投资有限公司,20,苏州市千苏创业投资合伙企业（有限合伙）,25.52,池州睛明眼科医院有限公司
苏州市科技创新创业投资有限公司,20,苏州市千苏创业投资合伙企业（有限合伙）,25.52,和县睛明眼科医院有限公司
苏州市科技创新创业投资有限公司,20,苏州市千苏创业投资合伙企业（有限合伙）,25.52,临海睛明眼科医院有限公司
苏州市科技创新创业投资有限公司,20,苏州市千苏创业投资合伙企业（有限合伙）,25.52,三门睛明眼科医院有限公司
苏州市科技创新创业投资有限公司,20,苏州市千苏创业投资合伙企业（有限合伙）,17.23,海门睛明眼科医院有限公司
苏州市科技创新创业投资有限公司,20,苏州市千苏创业投资合伙企业（有限合伙）,25.52,丰县睛明眼科医院有限责任公司
苏州市科技创新创业投资有限公司,20,苏州市千苏创业投资合伙企业（有限合伙）,25.52,兴化市睛明养老院有限公司
苏州市科技创新创业投资有限公司,20,苏州市千苏创业投资合伙企业（有限合伙）,25.52,贵溪睛明医院有限公司
苏州市科技创新创业投资有限公司,20,苏州市千苏创业投资合伙企业（有限合伙）,17.86,玉环睛明眼科医院有限公司
苏州市科技创新创业投资有限公司,20,苏州市千苏创业投资合伙企业（有限合伙）,25.52,睢宁县睛明眼科医院有限公司
苏州市科技创新创业投资有限公司,20,苏州市千苏创业投资合伙企业（有限合伙）,25.52,泰州市姜堰睛明养老院有限公司
苏州市科技创新创业投资有限公司,20,苏州市千苏创业投资合伙企业（有限合伙）,25.52,泰州市姜堰睛明医院有限公司
苏州市科技创新创业投资有限公司,20,苏州市千苏创业投资合伙企业（有限合伙）,25.52,丹阳睛明眼科医院有限公司
苏州市科技创新创业投资有限公司,20,苏州市千苏创业投资合伙企业（有限合伙）,25.52,丹阳睛明养老院有限公司
苏州市科技创新创业投资有限公司,20,苏州市千苏创业投资合伙企业（有限合伙）,25.52,合浦睛明眼科医院有限公司
苏州市科技创新创业投资有限公司,20,苏州市千苏创业投资合伙企业（有限合伙）,25.52,灌云睛明眼科医院有限公司
苏州市科技创新创业投资有限公司,20,苏州市千苏创业投资合伙企业（有限合伙）,25.52,库尔勒睛明眼科医院有限公司
苏州市科技创新创业投资有限公司,20,苏州市千苏创业投资合伙企业（有限合伙）,25.52,博乐睛明眼科医院有限公司
苏州市科技创新创业投资有限公司,20,苏州市千苏创业投资合伙企业（有限合伙）,25.26,乐清睛明医院有限公司
苏州市科技创新创业投资有限公司,20,苏州市千苏创业投资合伙企业（有限合伙）,25.52,儋州晴明眼科医院有限责任公司
苏州市科技创新创业投资有限公司,20,苏州市千苏创业投资合伙企业（有限合伙）,25.52,平阳睛明眼科医院有限公司
苏州市科技创新创业投资有限公司,20,苏州市千苏创业投资合伙企业（有限合伙）,25.52,莒县睛明眼科医院有限公司
苏州市科技创新创业投资有限公司,20,苏州市千苏创业投资合伙企业（有限合伙）,25.52,新泰市睛明眼科医院有限公司
苏州市科技创新创业投资有限公司,20,苏州市千苏创业投资合伙企业（有限合伙）,25.52,南通青皮树视光科技有限公司
苏州市科技创新创业投资有限公司,20,苏州市千苏创业投资合伙企业（有限合伙）,32,苏州千里眼医疗科技有限公司
苏州市科技创新创业投资有限公司,20,苏州市千苏创业投资合伙企业（有限合伙）,32,苏州易通捷达信息技术有限公司
苏州市科技创新创业投资有限公司,20,苏州市千苏创业投资合伙企业（有限合伙）,25.52,邳州睛明眼科医院有限公司
苏州市科技创新创业投资有限公司,12,苏州中科清宇工程管理有限公司
苏州市科技创新创业投资有限公司,14.34,苏州高美云景创业投资合伙企业（有限合伙）,10.94,苏州吉视电子科技有限公司
苏州市科技创新创业投资有限公司,14.34,苏州高美云景创业投资合伙企业（有限合伙）,10.94,苏州巨佳电子科技有限公司,100,苏州吉视电子科技有限公司
苏州市科技创新创业投资有限公司,14.34,苏州高美云景创业投资合伙企业（有限合伙）,10.94,苏州巨佳电子科技有限公司,51,苏州聚祥智能科技有限公司
苏州市科技创新创业投资有限公司,14.34,苏州高美云景创业投资合伙企业（有限合伙）,10.27,杭州语忆科技有限公司,100,语忆科技（广州）有限公司
苏州市科技创新创业投资有限公司,14.34,苏州高美云景创业投资合伙企业（有限合伙）,7.6,创络（上海）数据科技有限公司
苏州市科技创新创业投资有限公司,14.34,苏州高美云景创业投资合伙企业（有限合伙）,8.26,西安易协网络有限公司
苏州市科技创新创业投资有限公司,14.34,苏州高美云景创业投资合伙企业（有限合伙）,11.11,广州智建云信息技术有限公司,70,大连筑建云建筑科技有限公司
苏州市科技创新创业投资有限公司,14.34,苏州高美云景创业投资合伙企业（有限合伙）,11.11,广州智建云信息技术有限公司,67,四川智建云信息技术有限公司
苏州市科技创新创业投资有限公司,14.34,苏州高美云景创业投资合伙企业（有限合伙）,11.11,广州智建云信息技术有限公司,70,珠海筑建云信息技术有限公司
苏州市科技创新创业投资有限公司,14.34,苏州高美云景创业投资合伙企业（有限合伙）,13.79,上海远眸软件有限公司
苏州市科技创新创业投资有限公司,14.34,苏州高美云景创业投资合伙企业（有限合伙）,10.65,杭州达势科技有限公司
苏州市科技创新创业投资有限公司,14.34,苏州高美云景创业投资合伙企业（有限合伙）,13.33,飞驰云联（南京）科技有限公司
苏州市科技创新创业投资有限公司,14.34,苏州高美云景创业投资合伙企业（有限合伙）,11.11,苏州智建云信息技术有限公司,100,广州智建云信息技术有限公司
苏州市科技创新创业投资有限公司,14.34,苏州高美云景创业投资合伙企业（有限合伙）,11.11,苏州智建云信息技术有限公司,70,大连筑建云建筑科技有限公司
苏州市科技创新创业投资有限公司,14.34,苏州高美云景创业投资合伙企业（有限合伙）,11.11,苏州智建云信息技术有限公司,67,四川智建云信息技术有限公司
苏州市科技创新创业投资有限公司,14.34,苏州高美云景创业投资合伙企业（有限合伙）,11.11,苏州智建云信息技术有限公司,70,珠海筑建云信息技术有限公司
苏州市科技创新创业投资有限公司,14.34,苏州高美云景创业投资合伙企业（有限合伙）,8.26,杭州云湖科技有限公司
苏州市科技创新创业投资有限公司,14.34,苏州高美云景创业投资合伙企业（有限合伙）,8.26,易协云（杭州）科技有限公司,100,西安易协网络有限公司
苏州市科技创新创业投资有限公司,14.34,苏州高美云景创业投资合伙企业（有限合伙）,8.26,易协云（杭州）科技有限公司,100,杭州云湖科技有限公司
苏州市科技创新创业投资有限公司,14.34,苏州高美云景创业投资合伙企业（有限合伙）,99.98,苏州工业园区高美云景一期创业投资合伙企业（有限合伙）
苏州市科技创新创业投资有限公司,14.34,苏州高美云景创业投资合伙企业（有限合伙）,13.79,苏州远眸智能科技有限公司,100,上海远眸软件有限公司
苏州市科技创新创业投资有限公司,14.34,苏州高美云景创业投资合伙企业（有限合伙）,5.58,苏州聚祥智能科技有限公司
苏州市科技创新创业投资有限公司,14.34,苏州高美云景创业投资合伙企业（有限合伙）,7.78,大连筑建云建筑科技有限公司
苏州市科技创新创业投资有限公司,14.34,苏州高美云景创业投资合伙企业（有限合伙）,7.44,四川智建云信息技术有限公司
苏州市科技创新创业投资有限公司,14.34,苏州高美云景创业投资合伙企业（有限合伙）,7.78,珠海筑建云信息技术有限公司
苏州市科技创新创业投资有限公司,14.34,苏州高美云景创业投资合伙企业（有限合伙）,10.27,语忆科技（广州）有限公司
苏州市科技创新创业投资有限公司,14.34,苏州高美云景创业投资合伙企业（有限合伙）,13.33,苏州飞驰云联科技有限公司,100,飞驰云联（南京）科技有限公司
苏州市科技创新创业投资有限公司,20,集萃新材料研发有限公司,10,志航复合材料科技（江苏）有限公司
苏州市科技创新创业投资有限公司,19.98,苏州清弘环创投资合伙企业（有限合伙）,5,南京霖厚环保科技有限公司,70,洛阳沃邦环保技术开发有限公司
苏州市科技创新创业投资有限公司,19.98,苏州清弘环创投资合伙企业（有限合伙）,5,南京霖厚环保科技有限公司,32.5,宁波环霖水务科技有限公司
苏州市科技创新创业投资有限公司,19.98,苏州清弘环创投资合伙企业（有限合伙）,5,南京霖厚环保科技有限公司,70,南京泽霖环保科技有限公司
苏州市科技创新创业投资有限公司,19.98,苏州清弘环创投资合伙企业（有限合伙）,5,南京霖厚环保科技有限公司,15.93,宁波霖球水务科技有限公司
苏州市科技创新创业投资有限公司,19.98,苏州清弘环创投资合伙企业（有限合伙）,5,南京霖厚环保科技有限公司,100,南京圭富铖交通运输有限公司
苏州市科技创新创业投资有限公司,19.98,苏州清弘环创投资合伙企业（有限合伙）,5,南京霖厚环保科技有限公司,65,宁波杭州湾新区慧铖再生资源科技有限公司
苏州市科技创新创业投资有限公司,19.98,苏州清弘环创投资合伙企业（有限合伙）,5,南京霖厚环保科技有限公司,100,新沂霖厚环境工程设备有限公司
苏州市科技创新创业投资有限公司,19.98,苏州清弘环创投资合伙企业（有限合伙）,5,南京霖厚环保科技有限公司,100,南京圭泽铖环保材料有限公司
苏州市科技创新创业投资有限公司,19.98,苏州清弘环创投资合伙企业（有限合伙）,5,南京霖厚环保科技有限公司,100,安徽丹铖环保科技有限公司
苏州市科技创新创业投资有限公司,19.98,苏州清弘环创投资合伙企业（有限合伙）,5,南京霖厚环保科技有限公司,51,南京霖霄环保科技有限公司
苏州市科技创新创业投资有限公司,19.98,苏州清弘环创投资合伙企业（有限合伙）,9.3,行星数据科技（北京）有限公司
苏州市科技创新创业投资有限公司,19.98,苏州清弘环创投资合伙企业（有限合伙）,10,南京管科智能科技有限公司
苏州市科技创新创业投资有限公司,19.98,苏州清弘环创投资合伙企业（有限合伙）,10,元林（上海）新材料科技有限公司,82,氧林（苏州）环保科技有限公司
苏州市科技创新创业投资有限公司,19.98,苏州清弘环创投资合伙企业（有限合伙）,17.5,苏州沃持环保科技有限公司
苏州市科技创新创业投资有限公司,19.98,苏州清弘环创投资合伙企业（有限合伙）,10,苏州允清环境能源科技有限公司
苏州市科技创新创业投资有限公司,19.98,苏州清弘环创投资合伙企业（有限合伙）,9.3,行星数据科技（苏州）有限公司,100,行星数据科技（北京）有限公司
苏州市科技创新创业投资有限公司,19.98,苏州清弘环创投资合伙企业（有限合伙）,9.3,行星数据科技（苏州）有限公司,100,行星碳数数据（苏州）有限公司
苏州市科技创新创业投资有限公司,19.98,苏州清弘环创投资合伙企业（有限合伙）,5,南京圭富铖交通运输有限公司
苏州市科技创新创业投资有限公司,19.98,苏州清弘环创投资合伙企业（有限合伙）,8.2,氧林（苏州）环保科技有限公司
苏州市科技创新创业投资有限公司,19.98,苏州清弘环创投资合伙企业（有限合伙）,5,新沂霖厚环境工程设备有限公司
苏州市科技创新创业投资有限公司,19.98,苏州清弘环创投资合伙企业（有限合伙）,5,南京圭泽铖环保材料有限公司
苏州市科技创新创业投资有限公司,19.98,苏州清弘环创投资合伙企业（有限合伙）,5,安徽丹铖环保科技有限公司
苏州市科技创新创业投资有限公司,19.98,苏州清弘环创投资合伙企业（有限合伙）,9.3,行星碳数数据（苏州）有限公司
苏州市科技创新创业投资有限公司,11.43,苏州昊君华兴创业投资合伙企业（有限合伙）,7.56,苏州瑞至杰精密机械制造有限公司
苏州市科技创新创业投资有限公司,11.43,苏州昊君华兴创业投资合伙企业（有限合伙）,7.56,苏州赛普生物科技股份有限公司,100,苏州瑞至杰精密机械制造有限公司
苏州市科技创新创业投资有限公司,11.43,苏州昊君华兴创业投资合伙企业（有限合伙）,7.56,苏州赛普生物科技股份有限公司,100,苏州赛本德生物科技有限公司
苏州市科技创新创业投资有限公司,11.43,苏州昊君华兴创业投资合伙企业（有限合伙）,7.56,苏州赛普生物科技股份有限公司,100,苏州生科云选生物科技有限公司
苏州市科技创新创业投资有限公司,11.43,苏州昊君华兴创业投资合伙企业（有限合伙）,7.56,苏州赛普生物科技股份有限公司,51,赛洋生命科技（海宁）有限公司
苏州市科技创新创业投资有限公司,11.43,苏州昊君华兴创业投资合伙企业（有限合伙）,7.56,苏州赛普生物科技股份有限公司,100,赛普生物科技（南通）有限公司
苏州市科技创新创业投资有限公司,11.43,苏州昊君华兴创业投资合伙企业（有限合伙）,7.56,苏州赛普生物科技股份有限公司,100,苏州赛润飞医疗器械科技有限公司
苏州市科技创新创业投资有限公司,11.43,苏州昊君华兴创业投资合伙企业（有限合伙）,7.56,苏州赛普生物科技股份有限公司,100,苏州生科云聘人力资源服务有限公司
苏州市科技创新创业投资有限公司,11.43,苏州昊君华兴创业投资合伙企业（有限合伙）,7.56,苏州赛本德生物科技有限公司
苏州市科技创新创业投资有限公司,11.43,苏州昊君华兴创业投资合伙企业（有限合伙）,7.56,苏州生科云选生物科技有限公司,100,苏州生科云聘人力资源服务有限公司
苏州市科技创新创业投资有限公司,11.43,苏州昊君华兴创业投资合伙企业（有限合伙）,7.56,赛普生物科技（南通）有限公司
苏州市科技创新创业投资有限公司,11.43,苏州昊君华兴创业投资合伙企业（有限合伙）,7.56,苏州赛润飞医疗器械科技有限公司
苏州市科技创新创业投资有限公司,11.43,苏州昊君华兴创业投资合伙企业（有限合伙）,7.56,苏州生科云聘人力资源服务有限公司
苏州市科技创新创业投资有限公司,10,江苏第三代半导体研究院有限公司,30,苏州荷塘创业投资有限公司
苏州市科技创新创业投资有限公司,18,苏州协耀科新创业投资合伙企业（有限合伙）,6.9,苏州星洲生物科技有限公司
苏州市科技创新创业投资有限公司,18,苏州协耀科新创业投资合伙企业（有限合伙）,28.16,苏州融耀企业管理合伙企业（有限合伙）,7.1,苏州融析生物科技有限公司
苏州市科技创新创业投资有限公司,18,苏州协耀科新创业投资合伙企业（有限合伙）,28.16,苏州融耀企业管理合伙企业（有限合伙）,7.1,江苏融析生物制药有限公司
苏州市科技创新创业投资有限公司,18,苏州协耀科新创业投资合伙企业（有限合伙）,10,苏州锐迪欧医药科技有限公司
苏州市科技创新创业投资有限公司,20,苏州工业园区致道慧湖创业投资合伙企业（有限合伙）,16.65,北京翎辉企业管理合伙企业（有限合伙）
苏州市科技创新创业投资有限公司,15,苏州中德双智科创发展有限公司
苏州市科技创新创业投资有限公司,13.33,江苏疌泉敦行创业投资合伙企业（有限合伙）,6,昆山英泰科光学仪器有限公司
苏州市科技创新创业投资有限公司,13.33,江苏疌泉敦行创业投资合伙企业（有限合伙）,6,昆山市星光宝智能设备有限公司
苏州市科技创新创业投资有限公司,13.33,江苏疌泉敦行创业投资合伙企业（有限合伙）,6,江苏才道精密仪器有限公司,100,昆山英泰科光学仪器有限公司
苏州市科技创新创业投资有限公司,13.33,江苏疌泉敦行创业投资合伙企业（有限合伙）,6,江苏才道精密仪器有限公司,100,昆山市星光宝智能设备有限公司
苏州市科技创新创业投资有限公司,13.33,江苏疌泉敦行创业投资合伙企业（有限合伙）,6,江苏才道精密仪器有限公司,70,苏州有道芯量智能科技有限公司
苏州市科技创新创业投资有限公司,13.33,江苏疌泉敦行创业投资合伙企业（有限合伙）,6,江苏才道精密仪器有限公司,70,湖南才道半导体科技有限公司
苏州市科技创新创业投资有限公司,13.33,江苏疌泉敦行创业投资合伙企业（有限合伙）,8.33,合烯新材料（常州）有限公司
苏州市科技创新创业投资有限公司,13.33,江苏疌泉敦行创业投资合伙企业（有限合伙）,8.33,合烯电子科技（江苏）有限公司,100,合烯新材料（常州）有限公司
苏州市科技创新创业投资有限公司,13.33,江苏疌泉敦行创业投资合伙企业（有限合伙）,8.33,合烯电子科技（江苏）有限公司,51,蒂伊浦电子材料（上海）有限公司
苏州市科技创新创业投资有限公司,13.33,江苏疌泉敦行创业投资合伙企业（有限合伙）,5.26,苏州邦器生物技术有限公司,100,苏州邦新生物技术有限公司
苏州市科技创新创业投资有限公司,13.33,江苏疌泉敦行创业投资合伙企业（有限合伙）,5.26,苏州邦新生物技术有限公司
苏州市科技创新创业投资有限公司,16.81,苏州清策创业投资合伙企业（有限合伙）,13.79,合肥国肽生物科技有限公司
苏州市科技创新创业投资有限公司,16.81,苏州清策创业投资合伙企业（有限合伙）,7.95,修家佳（江苏）科技有限公司
苏州市科技创新创业投资有限公司,16.81,苏州清策创业投资合伙企业（有限合伙）,49.51,苏州高策极易创业投资合伙企业（有限合伙）
苏州市科技创新创业投资有限公司,16.81,苏州清策创业投资合伙企业（有限合伙）,13.79,苏州默迪夫生物科技有限公司,100,合肥国肽生物科技有限公司
苏州市科技创新创业投资有限公司,16.47,上海则橙企业管理合伙企业（有限合伙）
苏州市科技创新创业投资有限公司,18.32,苏州国仟医械二期创业投资企业（有限合伙）,13.39,北京极客基因科技有限公司,100,无锡极因科技有限公司
苏州市科技创新创业投资有限公司,18.32,苏州国仟医械二期创业投资企业（有限合伙）,13.39,北京极客基因科技有限公司,20,广东佛山极客基因科技有限公司
苏州市科技创新创业投资有限公司,18.32,苏州国仟医械二期创业投资企业（有限合伙）,13.39,无锡极因科技有限公司
苏州市科技创新创业投资有限公司,18.32,苏州国仟医械二期创业投资企业（有限合伙）,15.92,上海朴衡科技有限公司
苏州市科技创新创业投资有限公司,18.32,苏州国仟医械二期创业投资企业（有限合伙）,13.39,苏州极客基因科技有限公司,100,北京极客基因科技有限公司
苏州市科技创新创业投资有限公司,18.32,苏州国仟医械二期创业投资企业（有限合伙）,13.39,苏州极客基因科技有限公司,100,无锡极因科技有限公司
苏州市科技创新创业投资有限公司,18.32,苏州国仟医械二期创业投资企业（有限合伙）,13.39,苏州极客基因科技有限公司,20,广东佛山极客基因科技有限公司
苏州市科技创新创业投资有限公司,18.32,苏州国仟医械二期创业投资企业（有限合伙）,15.92,苏州朴衡科技有限公司,100,上海朴衡科技有限公司
苏州市科技创新创业投资有限公司,14.02,苏州岚湖卓璞创业投资合伙企业（有限合伙）,8.64,武汉糖智药业有限公司,100,青岛糖智医药科技有限公司
苏州市科技创新创业投资有限公司,14.02,苏州岚湖卓璞创业投资合伙企业（有限合伙）,8.64,武汉糖智药业有限公司,100,深圳鹏成生物医药有限公司
苏州市科技创新创业投资有限公司,14.02,苏州岚湖卓璞创业投资合伙企业（有限合伙）,8.64,武汉糖智药业有限公司,100,开平苷智药业有限公司
苏州市科技创新创业投资有限公司,14.02,苏州岚湖卓璞创业投资合伙企业（有限合伙）,8.64,武汉糖智药业有限公司,100,深圳鹏泊生物科技有限公司
苏州市科技创新创业投资有限公司,14.02,苏州岚湖卓璞创业投资合伙企业（有限合伙）,8.64,武汉糖智药业有限公司,49,广东凯博生物科技有限公司
苏州市科技创新创业投资有限公司,14.02,苏州岚湖卓璞创业投资合伙企业（有限合伙）,8.64,武汉糖智药业有限公司,100,武汉苷智药业科技有限公司
苏州市科技创新创业投资有限公司,14.02,苏州岚湖卓璞创业投资合伙企业（有限合伙）,8.64,武汉糖智药业有限公司,100,武汉博智药业科技有限公司
苏州市科技创新创业投资有限公司,14.02,苏州岚湖卓璞创业投资合伙企业（有限合伙）,8.64,青岛糖智医药科技有限公司
苏州市科技创新创业投资有限公司,14.02,苏州岚湖卓璞创业投资合伙企业（有限合伙）,8.64,深圳鹏成生物医药有限公司
苏州市科技创新创业投资有限公司,14.02,苏州岚湖卓璞创业投资合伙企业（有限合伙）,99.86,苏州岚湖胜赢企业管理合伙企业（有限合伙）
苏州市科技创新创业投资有限公司,14.02,苏州岚湖卓璞创业投资合伙企业（有限合伙）,8.64,开平苷智药业有限公司
苏州市科技创新创业投资有限公司,14.02,苏州岚湖卓璞创业投资合伙企业（有限合伙）,8.64,深圳鹏泊生物科技有限公司
苏州市科技创新创业投资有限公司,14.02,苏州岚湖卓璞创业投资合伙企业（有限合伙）,8.64,武汉苷智药业科技有限公司
苏州市科技创新创业投资有限公司,14.02,苏州岚湖卓璞创业投资合伙企业（有限合伙）,8.64,武汉博智药业科技有限公司
苏州市科技创新创业投资有限公司,18.54,苏州安恒企业管理合伙企业（有限合伙）
苏州市科技创新创业投资有限公司,8.33,苏州工业园区元生园丰天使投资企业（有限合伙）,8.4,苏州安益谱精密仪器有限公司
苏州市科技创新创业投资有限公司,8.33,苏州工业园区元生园丰天使投资企业（有限合伙）,19.69,苏州诺普再生医学有限公司
苏州市科技创新创业投资有限公司,8.33,苏州工业园区元生园丰天使投资企业（有限合伙）,9,四川伊正医疗科技有限公司
苏州市科技创新创业投资有限公司,8.33,苏州工业园区元生园丰天使投资企业（有限合伙）,5.26,上海惠凯医疗科技有限公司,100,惠凯医疗科技（苏州）有限公司
苏州市科技创新创业投资有限公司,8.33,苏州工业园区元生园丰天使投资企业（有限合伙）,8.7,苏州普乐康医药科技有限公司
苏州市科技创新创业投资有限公司,8.33,苏州工业园区元生园丰天使投资企业（有限合伙）,9.68,立凌生物制药（苏州）有限公司
苏州市科技创新创业投资有限公司,8.33,苏州工业园区元生园丰天使投资企业（有限合伙）,8.4,安益谱（苏州）医疗科技有限公司,100,苏州安益谱精密仪器有限公司
苏州市科技创新创业投资有限公司,8.33,苏州工业园区元生园丰天使投资企业（有限合伙）,5,苏州唯思尔康科技有限公司
苏州市科技创新创业投资有限公司,8.33,苏州工业园区元生园丰天使投资企业（有限合伙）,5.26,惠凯医疗科技（苏州）有限公司
苏州市科技创新创业投资有限公司,8.33,苏州工业园区元生园丰天使投资企业（有限合伙）,17.65,伊正（苏州）生物科技有限公司,51,四川伊正医疗科技有限公司
苏州市科技创新创业投资有限公司,8.33,苏州工业园区元生园丰天使投资企业（有限合伙）,17.65,伊正（苏州）生物科技有限公司,100,成都伊臻生物科技有限公司
苏州市科技创新创业投资有限公司,8.33,苏州工业园区元生园丰天使投资企业（有限合伙）,17.65,成都伊臻生物科技有限公司
苏州市科技创新创业投资有限公司,14.34,苏州工业园区高美云景一期创业投资合伙企业（有限合伙）
苏州市科技创新创业投资有限公司,15,苏州中科中鑫创业投资合伙企业（有限合伙）,5,苏州胡杨林智源投资中心（有限合伙）,22.61,苏州工业园区中鑫惠远投资中心（有限合伙）
苏州市科技创新创业投资有限公司,15,苏州中科中鑫创业投资合伙企业（有限合伙）,9.37,苏州中鑫恒富创业投资合伙企业（有限合伙）,53.37,苏州胡杨林智源投资中心（有限合伙）
苏州市科技创新创业投资有限公司,15,苏州中科中鑫创业投资合伙企业（有限合伙）,9.37,苏州中鑫恒富创业投资合伙企业（有限合伙）,12.07,苏州工业园区中鑫惠远投资中心（有限合伙）
苏州市科技创新创业投资有限公司,20.4,苏州吴江科泰育成科技发展有限公司
苏州市科技创新创业投资有限公司,25,苏州医工所生物医药创业投资合伙企业（有限合伙）,9.42,北京东方华辉生物医药科技有限公司
苏州市科技创新创业投资有限公司,25,苏州医工所生物医药创业投资合伙企业（有限合伙）,9.42,苏州四正柏生物科技有限公司,100,北京东方华辉生物医药科技有限公司
苏州市科技创新创业投资有限公司,25,苏州医工所生物医药创业投资合伙企业（有限合伙）,17.86,屹东光学技术（苏州）有限公司
苏州市科技创新创业投资有限公司,14,苏州岚湖胜赢企业管理合伙企业（有限合伙）
成都交子金融控股集团有限公司,100,成都金顶实业发展中心有限公司
成都交子金融控股集团有限公司,100,成都鼎立资产经营管理有限公司,100,成都金顶实业发展中心有限公司
成都交子金融控股集团有限公司,100,成都鼎立资产经营管理有限公司,100,成都电焊机研究所,100,成都电焊机杂志有限公司
成都交子金融控股集团有限公司,100,成都鼎立资产经营管理有限公司,100,中国新型建筑材料公司成都公司
成都交子金融控股集团有限公司,100,成都鼎立资产经营管理有限公司,100,成都泰康化纤有限责任公司
成都交子金融控股集团有限公司,100,成都鼎立资产经营管理有限公司,9.09,西昌金信村镇银行有限责任公司
成都交子金融控股集团有限公司,100,成都鼎立资产经营管理有限公司,34,四川科尔沃生物技术有限责任公司
成都交子金融控股集团有限公司,100,成都鼎立资产经营管理有限公司,100,成都鼎立合作企业管理有限公司,34,四川科尔沃生物技术有限责任公司
成都交子金融控股集团有限公司,100,成都鼎立资产经营管理有限公司,100,成都鼎立三实企业管理有限公司,26,成都欣华欣化工材料有限公司
成都交子金融控股集团有限公司,100,成都鼎立资产经营管理有限公司,100,成都鼎立三实企业管理有限公司,26,四川荆燕贸易有限责任公司
成都交子金融控股集团有限公司,100,成都鼎立资产经营管理有限公司,100,成都鼎立三实企业管理有限公司,10,成都大凯实业有限公司
成都交子金融控股集团有限公司,100,成都鼎立资产经营管理有限公司,100,成都鼎立三实企业管理有限公司,92.5,成都新空间建筑装饰工程有限责任公司
成都交子金融控股集团有限公司,100,成都鼎立资产经营管理有限公司,100,成都鼎立三实企业管理有限公司,34.03,成都新空间物业发展有限责任公司
成都交子金融控股集团有限公司,100,成都鼎立资产经营管理有限公司,100,成都鼎立三实企业管理有限公司,77.7,成都新空间设计有限公司
成都交子金融控股集团有限公司,100,成都鼎立资产经营管理有限公司,26,成都欣华欣化工材料有限公司,100,四川荆燕贸易有限责任公司
成都交子金融控股集团有限公司,100,成都鼎立资产经营管理有限公司,100,成都市鼎宇资产管理有限公司
成都交子金融控股集团有限公司,100,成都鼎立资产经营管理有限公司,100,成都市华民印刷厂,98.33,成都市华民房地产开发有限责任公司
成都交子金融控股集团有限公司,100,成都鼎立资产经营管理有限公司,7.9,成都华成温江金马渡假村
成都交子金融控股集团有限公司,100,成都鼎立资产经营管理有限公司,100,成都市华民机械厂
成都交子金融控股集团有限公司,100,成都鼎立资产经营管理有限公司,100,成都市华民房地产开发有限责任公司
成都交子金融控股集团有限公司,100,成都鼎立资产经营管理有限公司,100,新津金控置业有限公司
成都交子金融控股集团有限公司,100,成都鼎立资产经营管理有限公司,100,成都机电研究所有限公司,100,四川省电加工技术发展中心
成都交子金融控股集团有限公司,100,成都鼎立资产经营管理有限公司,26,四川荆燕贸易有限责任公司
成都交子金融控股集团有限公司,100,成都鼎立资产经营管理有限公司,7.9,成都华成股份有限公司,100,成都华成温江金马渡假村
成都交子金融控股集团有限公司,100,成都鼎立资产经营管理有限公司,7.9,成都华成股份有限公司,100,成都嘉谊嘉华投资有限责任公司
成都交子金融控股集团有限公司,100,成都鼎立资产经营管理有限公司,7.9,成都华成股份有限公司,30,成都华科洁具有限公司
成都交子金融控股集团有限公司,100,成都鼎立资产经营管理有限公司,7.9,成都华成股份有限公司,23.08,成都新三众实业有限责任公司
成都交子金融控股集团有限公司,100,成都鼎立资产经营管理有限公司,7.9,成都华成股份有限公司,30,成都华特丽装饰工程有限公司
成都交子金融控股集团有限公司,100,成都鼎立资产经营管理有限公司,100,成都鼎欣酒店管理有限公司
成都交子金融控股集团有限公司,100,成都鼎立资产经营管理有限公司,8.8,成都恒合实业有限责任公司,75,成都宏福达商务策划咨询有限公司
成都交子金融控股集团有限公司,100,成都鼎立资产经营管理有限公司,8.8,成都恒合实业有限责任公司,90,成都铂渡投资有限公司
成都交子金融控股集团有限公司,100,成都鼎立资产经营管理有限公司,8.8,成都恒合实业有限责任公司,30,成都丰策企业管理有限公司
成都交子金融控股集团有限公司,100,成都鼎立资产经营管理有限公司,8.8,成都恒合实业有限责任公司,100,成都成证物业管理服务有限公司
成都交子金融控股集团有限公司,100,成都鼎立资产经营管理有限公司,8.8,成都恒合实业有限责任公司,80,成都禾辰科技有限公司
成都交子金融控股集团有限公司,100,成都鼎立资产经营管理有限公司,10,成都大凯实业有限公司
成都交子金融控股集团有限公司,100,成都鼎立资产经营管理有限公司,100,成都市城勘商贸公司
成都交子金融控股集团有限公司,100,成都鼎立资产经营管理有限公司,100,成都市机械行业劳动服务公司
成都交子金融控股集团有限公司,100,成都鼎立资产经营管理有限公司,14.49,内蒙古元华农业发展有限公司
成都交子金融控股集团有限公司,100,成都鼎立资产经营管理有限公司,92.5,成都新空间建筑装饰工程有限责任公司,7.69,成都新空间物业发展有限责任公司
成都交子金融控股集团有限公司,100,成都鼎立资产经营管理有限公司,92.5,成都新空间建筑装饰工程有限责任公司,84,成都新空间设计有限公司
成都交子金融控股集团有限公司,100,成都鼎立资产经营管理有限公司,7.9,成都嘉谊嘉华投资有限责任公司
成都交子金融控股集团有限公司,100,成都鼎立资产经营管理有限公司,100,成都电焊机杂志有限公司
成都交子金融控股集团有限公司,100,成都鼎立资产经营管理有限公司,34.03,成都新空间物业发展有限责任公司
成都交子金融控股集团有限公司,100,成都鼎立资产经营管理有限公司,77.7,成都新空间设计有限公司
成都交子金融控股集团有限公司,100,成都鼎立资产经营管理有限公司,10,成都市农村产权收储有限公司
成都交子金融控股集团有限公司,100,成都鼎立资产经营管理有限公司,80,成都万和房产经纪有限公司
成都交子金融控股集团有限公司,100,成都鼎立资产经营管理有限公司,100,成都万和广场有限公司,80,成都万和房产经纪有限公司
成都交子金融控股集团有限公司,100,成都鼎立资产经营管理有限公司,6.6,成都宏福达商务策划咨询有限公司
成都交子金融控股集团有限公司,100,成都鼎立资产经营管理有限公司,7.92,成都铂渡投资有限公司,5,成都佳美健身健美有限责任公司
成都交子金融控股集团有限公司,100,成都鼎立资产经营管理有限公司,7.92,成都铂渡投资有限公司,83.33,成都宏福达商务策划咨询有限公司
成都交子金融控股集团有限公司,100,成都鼎立资产经营管理有限公司,100,四川省电加工技术发展中心
成都交子金融控股集团有限公司,100,成都鼎立资产经营管理有限公司,100,成都上境酒店管理有限公司
成都交子金融控股集团有限公司,100,成都鼎立资产经营管理有限公司,14.5,成都益航资产管理有限公司,99.96,内蒙古元华农业发展有限公司
成都交子金融控股集团有限公司,100,成都鼎立资产经营管理有限公司,14.5,成都益航资产管理有限公司,99.99,天津顺隆投资中心（有限合伙）
成都交子金融控股集团有限公司,100,成都鼎立资产经营管理有限公司,14.5,成都益航资产管理有限公司,99.96,天津丰元科技发展有限公司
成都交子金融控股集团有限公司,100,成都鼎立资产经营管理有限公司,14.5,成都益航资产管理有限公司,59.98,上海丰元海康信息科技有限责任公司
成都交子金融控股集团有限公司,100,成都鼎立资产经营管理有限公司,14.5,天津顺隆投资中心（有限合伙）,99.97,内蒙古元华农业发展有限公司
成都交子金融控股集团有限公司,100,成都鼎立资产经营管理有限公司,14.5,天津顺隆投资中心（有限合伙）,99.97,天津丰元科技发展有限公司
成都交子金融控股集团有限公司,100,成都鼎立资产经营管理有限公司,14.5,天津顺隆投资中心（有限合伙）,59.98,上海丰元海康信息科技有限责任公司
成都交子金融控股集团有限公司,100,成都鼎立资产经营管理有限公司,14.49,天津丰元科技发展有限公司,100,内蒙古元华农业发展有限公司
成都交子金融控股集团有限公司,100,成都鼎立资产经营管理有限公司,14.49,天津丰元科技发展有限公司,60,上海丰元海康信息科技有限责任公司
成都交子金融控股集团有限公司,100,成都鼎立资产经营管理有限公司,17.27,成都市真武山憩园殡葬服务有限公司
成都交子金融控股集团有限公司,100,成都鼎立资产经营管理有限公司,8.7,上海丰元海康信息科技有限责任公司
成都交子金融控股集团有限公司,100,成都鼎立资产经营管理有限公司,8.8,成都成证物业管理服务有限公司
成都交子金融控股集团有限公司,100,成都鼎立资产经营管理有限公司,7.04,成都禾辰科技有限公司
成都交子金融控股集团有限公司,100,成都电焊机研究所,100,成都电焊机杂志有限公司
成都交子金融控股集团有限公司,100,中国新型建筑材料公司成都公司
成都交子金融控股集团有限公司,100,成都泰康化纤有限责任公司
成都交子金融控股集团有限公司,100,成都鼎立合作企业管理有限公司,34,四川科尔沃生物技术有限责任公司
成都交子金融控股集团有限公司,100,成都鼎立三实企业管理有限公司,26,成都欣华欣化工材料有限公司,100,四川荆燕贸易有限责任公司
成都交子金融控股集团有限公司,100,成都鼎立三实企业管理有限公司,26,四川荆燕贸易有限责任公司
成都交子金融控股集团有限公司,100,成都鼎立三实企业管理有限公司,10,成都大凯实业有限公司
成都交子金融控股集团有限公司,100,成都鼎立三实企业管理有限公司,92.5,成都新空间建筑装饰工程有限责任公司,7.69,成都新空间物业发展有限责任公司
成都交子金融控股集团有限公司,100,成都鼎立三实企业管理有限公司,92.5,成都新空间建筑装饰工程有限责任公司,84,成都新空间设计有限公司
成都交子金融控股集团有限公司,100,成都鼎立三实企业管理有限公司,34.03,成都新空间物业发展有限责任公司
成都交子金融控股集团有限公司,100,成都鼎立三实企业管理有限公司,77.7,成都新空间设计有限公司
成都交子金融控股集团有限公司,100,成都市鼎宇资产管理有限公司
成都交子金融控股集团有限公司,100,成都金控金融服务有限公司,22.26,成都金控联行金融服务外包有限公司,30,成都金控德锦股权投资基金管理有限公司
成都交子金融控股集团有限公司,100,成都金控金融服务有限公司,22.26,成都金控联行金融服务外包有限公司,13.5,四川展通翼道供应链有限公司
成都交子金融控股集团有限公司,100,成都金控金融服务有限公司,42,成都金控人力资源管理有限公司,53,成都金控联行金融服务外包有限公司
成都交子金融控股集团有限公司,100,成都金控金融服务有限公司,42,成都金控人力资源管理有限公司,15.9,成都金控德锦股权投资基金管理有限公司
成都交子金融控股集团有限公司,100,成都金控金融服务有限公司,42,成都金控人力资源管理有限公司,7.16,四川展通翼道供应链有限公司
成都交子金融控股集团有限公司,100,成都金控金融服务有限公司,6.68,成都金控德锦股权投资基金管理有限公司,45,四川展通翼道供应链有限公司
成都交子金融控股集团有限公司,100,成都金控金融服务有限公司,10,成都兴联汇智科技有限公司
成都交子金融控股集团有限公司,100,成都金控金融服务有限公司,10,四川兴政信息技术有限公司,100,成都兴联汇智科技有限公司
成都交子金融控股集团有限公司,100,成都投控置业有限公司
成都交子金融控股集团有限公司,100,成都市华民印刷厂,98.33,成都市华民房地产开发有限责任公司
成都交子金融控股集团有限公司,100,成都西部文旅股权投资基金合伙企业（有限合伙）
成都交子金融控股集团有限公司,100,成都金控金融发展股权投资基金有限公司,20,四川金宏信展股权投资基金管理有限公司
成都交子金融控股集团有限公司,100,成都金控金融发展股权投资基金有限公司,40,成都金控发展私募基金管理有限公司,15,四川天府增进投资管理有限公司
成都交子金融控股集团有限公司,100,成都金控金融发展股权投资基金有限公司,40,成都金控发展私募基金管理有限公司,6.86,成都金展织环股权投资中心（有限合伙）
成都交子金融控股集团有限公司,100,成都金控金融发展股权投资基金有限公司,7.89,精联诚和股权投资基金管理（成都）有限公司
成都交子金融控股集团有限公司,100,成都金控金融发展股权投资基金有限公司,14.85,成都金控北城投资中心（有限合伙）
成都交子金融控股集团有限公司,100,成都金控金融发展股权投资基金有限公司,19.53,成都金恒华展投资中心（有限合伙）
成都交子金融控股集团有限公司,100,成都金控金融发展股权投资基金有限公司,9.93,成都金宏发鑫怡投资中心（有限合伙）
成都交子金融控股集团有限公司,100,成都金控金融发展股权投资基金有限公司,20,成都金控文旅股权投资基金管理有限公司
成都交子金融控股集团有限公司,100,成都金控金融发展股权投资基金有限公司,30,成都金控布斯城市发展股权投资基金管理有限公司
成都交子金融控股集团有限公司,100,成都金控金融发展股权投资基金有限公司,30,成都蓉欧铁路港股权投资基金管理有限公司
成都交子金融控股集团有限公司,100,成都金控金融发展股权投资基金有限公司,6,四川天府增进投资管理有限公司
成都交子金融控股集团有限公司,100,成都金控金融发展股权投资基金有限公司,33.33,成都天府智能网联企业管理咨询有限公司
成都交子金融控股集团有限公司,100,成都金控金融发展股权投资基金有限公司,40,成都经开智慧企业管理中心（有限合伙）,5.48,成都经开城市运营投资有限公司
成都交子金融控股集团有限公司,100,成都金控金融发展股权投资基金有限公司,40,成都经开智慧企业管理中心（有限合伙）,10.75,成都经开园区投资有限公司
成都交子金融控股集团有限公司,100,成都金控金融发展股权投资基金有限公司,40,成都经开智慧企业管理中心（有限合伙）,10.75,成都领创汇智科技有限公司
成都交子金融控股集团有限公司,100,成都金控金融发展股权投资基金有限公司,40,成都经开智慧企业管理中心（有限合伙）,5.48,成都经开数字城市运营管理有限公司
成都交子金融控股集团有限公司,100,成都金控金融发展股权投资基金有限公司,40,成都经开智慧企业管理中心（有限合伙）,5.48,成都和信成运建设有限公司
成都交子金融控股集团有限公司,100,成都金控金融发展股权投资基金有限公司,20,成都交子东方二期投资发展合伙企业（有限合伙）
成都交子金融控股集团有限公司,100,成都金控金融发展股权投资基金有限公司,74.98,成都经开金发股权投资基金中心（有限合伙）
成都交子金融控股集团有限公司,100,成都市华民机械厂
成都交子金融控股集团有限公司,100,成都市华民房地产开发有限责任公司
成都交子金融控股集团有限公司,100,成都金控融资担保有限公司,12.6,成都市金控小额贷款股份有限公司
成都交子金融控股集团有限公司,100,成都金控融资担保有限公司,100,成都金控置业担保有限公司
成都交子金融控股集团有限公司,100,新津金控置业有限公司
成都交子金融控股集团有限公司,100,成都机电研究所有限公司,100,四川省电加工技术发展中心
成都交子金融控股集团有限公司,100,成都市保安服务总公司温江区分公司
成都交子金融控股集团有限公司,100,成都市翼虎金融服务有限责任公司,40,成都翼虎三泰金融服务有限公司
成都交子金融控股集团有限公司,100,成都鼎欣酒店管理有限公司
成都交子金融控股集团有限公司,100,成都市翼虎车辆检测有限公司
成都交子金融控股集团有限公司,100,成都金控典当有限公司
成都交子金融控股集团有限公司,100,成都市城勘商贸公司
成都交子金融控股集团有限公司,100,成都市机械行业劳动服务公司
成都交子金融控股集团有限公司,100,成都金控数据服务有限公司,25,四川信用通数字科技股份有限公司
成都交子金融控股集团有限公司,100,成都金控数据服务有限公司,12.99,成都交子区块链产业创新中心有限公司
成都交子金融控股集团有限公司,100,成都电焊机杂志有限公司
成都交子金融控股集团有限公司,100,成都金控置业担保有限公司
成都交子金融控股集团有限公司,100,海南蓉海香水湾实业有限公司
成都交子金融控股集团有限公司,100,成都市锦兴车辆检测有限公司
成都交子金融控股集团有限公司,100,成都金控征信有限公司
成都交子金融控股集团有限公司,100,成都金蜀威商务服务有限责任公司
成都交子金融控股集团有限公司,100,成都万和广场有限公司,80,成都万和房产经纪有限公司
成都交子金融控股集团有限公司,100,四川省电加工技术发展中心
成都交子金融控股集团有限公司,100,成都上境酒店管理有限公司
成都交子金融控股集团有限公司,100,中融安保集团有限责任公司,100,成都市保安服务总公司温江区分公司
成都交子金融控股集团有限公司,100,中融安保集团有限责任公司,100,成都市翼虎金融服务有限责任公司,40,成都翼虎三泰金融服务有限公司
成都交子金融控股集团有限公司,100,中融安保集团有限责任公司,100,成都市翼虎车辆检测有限公司
成都交子金融控股集团有限公司,100,中融安保集团有限责任公司,40,成都翼虎三泰金融服务有限公司
成都交子金融控股集团有限公司,100,中融安保集团有限责任公司,100,成都市锦兴车辆检测有限公司
成都交子金融控股集团有限公司,100,中融安保集团有限责任公司,100,成都金蜀威商务服务有限责任公司
成都交子金融控股集团有限公司,100,中融安保集团有限责任公司,30,成都高新佳士三壹体检门诊部有限公司
成都交子金融控股集团有限公司,100,中融安保集团有限责任公司,51,成都天控科技有限公司
成都交子金融控股集团有限公司,100,中融安保集团有限责任公司,100,中融金剑（成都）安保服务有限公司
成都交子金融控股集团有限公司,100,中融安保集团有限责任公司,100,中融智慧云（成都）科技服务有限公司
成都交子金融控股集团有限公司,100,中融安保集团有限责任公司,100,成都融泉保安服务有限公司
成都交子金融控股集团有限公司,100,中融安保集团有限责任公司,100,成都市翼虎守护押运有限责任公司
成都交子金融控股集团有限公司,100,中融安保集团有限责任公司,100,成都市天虎保安培训学校有限公司
成都交子金融控股集团有限公司,100,中融安保集团有限责任公司,100,中融高鑫（成都）保安服务有限责任公司
成都交子金融控股集团有限公司,100,中融安保集团有限责任公司,100,成都东晟安保服务有限责任公司
成都交子金融控股集团有限公司,100,中融安保集团有限责任公司,100,成都保全仕正企业管理有限责任公司
成都交子金融控股集团有限公司,100,成都金控成金实业有限公司
成都交子金融控股集团有限公司,100,成都交子新兴金融投资集团股份有限公司,83.6,成都市金控小额贷款股份有限公司
成都交子金融控股集团有限公司,100,成都交子新兴金融投资集团股份有限公司,100,成都金控融资担保有限公司,12.6,成都市金控小额贷款股份有限公司
成都交子金融控股集团有限公司,100,成都交子新兴金融投资集团股份有限公司,100,成都金控融资担保有限公司,100,成都金控置业担保有限公司
成都交子金融控股集团有限公司,100,成都交子新兴金融投资集团股份有限公司,99,成都金控典当有限公司
成都交子金融控股集团有限公司,100,成都交子新兴金融投资集团股份有限公司,81.66,成都金控融资租赁有限公司
成都交子金融控股集团有限公司,100,成都交子新兴金融投资集团股份有限公司,5,四川省信用再担保有限公司
成都交子金融控股集团有限公司,100,成都交子新兴金融投资集团股份有限公司,100,成都金控置业担保有限公司
成都交子金融控股集团有限公司,100,成都交子新兴金融投资集团股份有限公司,67,成都交子商业保理有限公司
成都交子金融控股集团有限公司,100,成都交子东进投资发展合伙企业（有限合伙）,47.2,成都淮州盛世投资发展有限公司
成都交子金融控股集团有限公司,100,成都交子东进投资发展合伙企业（有限合伙）,17.52,成都东进职教城投资有限公司
成都交子金融控股集团有限公司,100,成都交子东进投资发展合伙企业（有限合伙）,49,东进大港（金堂）股权投资基金中心（有限合伙）,96.33,成都淮州盛世投资发展有限公司
成都交子金融控股集团有限公司,100,成都交子东进投资发展合伙企业（有限合伙）,49,东进大港（金堂）股权投资基金中心（有限合伙）,35.76,成都东进职教城投资有限公司
成都交子金融控股集团有限公司,100,中融金剑（成都）安保服务有限公司
成都交子金融控股集团有限公司,100,中融智慧云（成都）科技服务有限公司
成都交子金融控股集团有限公司,100,成都融泉保安服务有限公司
成都交子金融控股集团有限公司,100,成都市翼虎守护押运有限责任公司
成都交子金融控股集团有限公司,100,成都市天虎保安培训学校有限公司
成都交子金融控股集团有限公司,100,中融高鑫（成都）保安服务有限责任公司
成都交子金融控股集团有限公司,100,成都东晟安保服务有限责任公司
成都交子金融控股集团有限公司,100,成都交子金控供应链金融管理集团有限公司,100,成都金控金融服务有限公司,22.26,成都金控联行金融服务外包有限公司
成都交子金融控股集团有限公司,100,成都交子金控供应链金融管理集团有限公司,100,成都金控金融服务有限公司,42,成都金控人力资源管理有限公司
成都交子金融控股集团有限公司,100,成都交子金控供应链金融管理集团有限公司,100,成都金控金融服务有限公司,6.68,成都金控德锦股权投资基金管理有限公司
成都交子金融控股集团有限公司,100,成都交子金控供应链金融管理集团有限公司,100,成都金控金融服务有限公司,10,成都兴联汇智科技有限公司
成都交子金融控股集团有限公司,100,成都交子金控供应链金融管理集团有限公司,100,成都金控金融服务有限公司,10,四川兴政信息技术有限公司
成都交子金融控股集团有限公司,100,成都交子金控供应链金融管理集团有限公司,22.26,成都金控联行金融服务外包有限公司,30,成都金控德锦股权投资基金管理有限公司
成都交子金融控股集团有限公司,100,成都交子金控供应链金融管理集团有限公司,22.26,成都金控联行金融服务外包有限公司,13.5,四川展通翼道供应链有限公司
成都交子金融控股集团有限公司,100,成都交子金控供应链金融管理集团有限公司,42,成都金控人力资源管理有限公司,53,成都金控联行金融服务外包有限公司
成都交子金融控股集团有限公司,100,成都交子金控供应链金融管理集团有限公司,42,成都金控人力资源管理有限公司,15.9,成都金控德锦股权投资基金管理有限公司
成都交子金融控股集团有限公司,100,成都交子金控供应链金融管理集团有限公司,42,成都金控人力资源管理有限公司,7.16,四川展通翼道供应链有限公司
成都交子金融控股集团有限公司,100,成都交子金控供应链金融管理集团有限公司,6.68,成都金控德锦股权投资基金管理有限公司,45,四川展通翼道供应链有限公司
成都交子金融控股集团有限公司,100,成都交子金控供应链金融管理集团有限公司,10,成都兴联汇智科技有限公司
成都交子金融控股集团有限公司,100,成都交子金控供应链金融管理集团有限公司,81.82,成都交子供应链金融服务有限公司
成都交子金融控股集团有限公司,100,成都交子金控供应链金融管理集团有限公司,10,四川兴政信息技术有限公司,100,成都兴联汇智科技有限公司
成都交子金融控股集团有限公司,100,成都交子数字金融投资集团有限公司,100,成都金控数据服务有限公司,25,四川信用通数字科技股份有限公司
成都交子金融控股集团有限公司,100,成都交子数字金融投资集团有限公司,100,成都金控数据服务有限公司,12.99,成都交子区块链产业创新中心有限公司
成都交子金融控股集团有限公司,100,成都交子数字金融投资集团有限公司,100,成都金控征信有限公司
成都交子金融控股集团有限公司,100,成都交子数字金融投资集团有限公司,60,成都天府市民云服务有限公司
成都交子金融控股集团有限公司,100,成都交子数字金融投资集团有限公司,25,四川信用通数字科技股份有限公司
成都交子金融控股集团有限公司,100,成都交子数字金融投资集团有限公司,12.99,成都交子区块链产业创新中心有限公司
成都交子金融控股集团有限公司,100,成都交子数字金融投资集团有限公司,70,成都交子数栖科技有限公司
成都交子金融控股集团有限公司,100,成都保全仕正企业管理有限责任公司
成都交子金融控股集团有限公司,100,成都交子融汇商业运营管理有限公司
